id,origin_port,destination_port,vessel_type,distance_km,vessel_capacity_m3,season,month,total_transport_cost_usd_per_m3,route_category,risk_level,freight_rate_usd_per_m3,fuel_cost_usd_per_m3,port_fees_usd_per_m3,insurance_cost_usd_per_m3
1,"Sabine Pass, LA","Revithoussa, Greece",Standard,8961.13,151110.0,Spring,5,0.32,satisfactory,high,0.192,0.08,0.032,0.016
2,"Sabine Pass, LA","Swinoujscie, Poland",Q-Flex,7958.69,208591.0,Winter,1,0.2728,satisfactory,medium,0.1637,0.0682,0.0273,0.0136
3,"Sabine Pass, LA","Dunkirk, France",Standard,6821.6,153040.0,Summer,9,0.1911,good,medium,0.1146,0.0478,0.0191,0.0096
4,"Sabine Pass, LA","Zeebrugge, Belgium",Q-Flex,6719.81,205722.0,Spring,5,0.1959,good,medium,0.1176,0.049,0.0196,0.0098
5,"Sabine Pass, LA","Isle of Grain, UK",Q-Flex,6285.9,207810.0,Fall,10,0.1743,excellent,low,0.1046,0.0436,0.0174,0.0087
6,"Sabine Pass, LA","Fredericia, Denmark",Q-Flex,7657.88,209815.0,Fall,11,0.2429,good,medium,0.1458,0.0607,0.0243,0.0121
7,"Sabine Pass, LA","Sines, Portugal",Q-Flex,6016.13,206462.0,Winter,2,0.1759,excellent,low,0.1055,0.044,0.0176,0.0088
8,"Sabine Pass, LA","Wilhelmshaven, Germany",Q-Flex,7266.27,211620.0,Spring,4,0.2234,good,medium,0.134,0.0558,0.0223,0.0112
9,"Sabine Pass, LA","Revithoussa, Greece",Standard,8967.11,149600.0,Spring,4,0.32,satisfactory,high,0.192,0.08,0.032,0.016
10,"Sabine Pass, LA","Swinoujscie, Poland",Q-Flex,7971.96,205363.0,Winter,1,0.2735,satisfactory,medium,0.1641,0.0684,0.0274,0.0137
11,"Sabine Pass, LA","Dunkirk, France",Standard,6841.31,153718.0,Fall,12,0.217,good,medium,0.1302,0.0543,0.0217,0.0109
12,"Sabine Pass, LA","Barcelona, Spain",Q-Max,7964.29,258624.0,Spring,4,0.2483,good,medium,0.149,0.0621,0.0248,0.0124
13,"Sabine Pass, LA","Marseille, France",Q-Max,8289.94,251455.0,Winter,3,0.2795,satisfactory,medium,0.1677,0.0699,0.0279,0.014
14,"Sabine Pass, LA","Revithoussa, Greece",Standard,8966.0,147021.0,Summer,7,0.2983,satisfactory,high,0.179,0.0746,0.0298,0.0149
15,"Sabine Pass, LA","Rotterdam, Netherlands",Q-Max,7047.11,260907.0,Fall,11,0.2024,good,medium,0.1214,0.0506,0.0202,0.0101
16,"Sabine Pass, LA","Revithoussa, Greece",Q-Flex,8984.02,212276.0,Summer,7,0.2841,satisfactory,high,0.1705,0.071,0.0284,0.0142
17,"Sabine Pass, LA","Swinoujscie, Poland",Standard,8026.2,149135.0,Winter,2,0.2914,satisfactory,medium,0.1749,0.0729,0.0291,0.0146
18,"Sabine Pass, LA","Zeebrugge, Belgium",Q-Max,6687.39,264759.0,Summer,9,0.1594,excellent,medium,0.0957,0.0399,0.0159,0.008
19,"Sabine Pass, LA","Barcelona, Spain",Q-Flex,7951.95,209645.0,Spring,5,0.2575,good,medium,0.1545,0.0644,0.0258,0.0129
20,"Sabine Pass, LA","Barcelona, Spain",Standard,8031.6,143976.0,Winter,3,0.2915,satisfactory,medium,0.1749,0.0729,0.0291,0.0146
21,"Sabine Pass, LA","Marseille, France",Q-Max,8292.31,261038.0,Summer,9,0.2397,good,medium,0.1438,0.0599,0.024,0.012
22,"Sabine Pass, LA","Revithoussa, Greece",Q-Flex,9014.99,201088.0,Summer,9,0.2857,satisfactory,high,0.1714,0.0714,0.0286,0.0143
23,"Sabine Pass, LA","Swinoujscie, Poland",Q-Max,7973.01,260098.0,Winter,1,0.2635,satisfactory,medium,0.1581,0.0659,0.0264,0.0132
24,"Sabine Pass, LA","Wilhelmshaven, Germany",Q-Max,7257.09,253428.0,Spring,5,0.2129,good,medium,0.1277,0.0532,0.0213,0.0106
25,"Sabine Pass, LA","Marseille, France",Q-Max,8307.62,253047.0,Summer,8,0.2405,good,medium,0.1443,0.0601,0.024,0.012
26,"Sabine Pass, LA","Fredericia, Denmark",Standard,7691.11,146039.0,Winter,1,0.2746,satisfactory,medium,0.1648,0.0687,0.0275,0.0137
27,"Sabine Pass, LA","Wilhelmshaven, Germany",Q-Max,7330.06,258581.0,Spring,4,0.2164,good,medium,0.1299,0.0541,0.0216,0.0108
28,"Sabine Pass, LA","Barcelona, Spain",Q-Max,7974.98,263695.0,Summer,8,0.2238,good,medium,0.1343,0.056,0.0224,0.0112
29,"Sabine Pass, LA","Swinoujscie, Poland",Q-Max,8033.6,257770.0,Spring,4,0.2516,good,medium,0.151,0.0629,0.0252,0.0126
30,"Sabine Pass, LA","Sines, Portugal",Q-Max,5966.46,262545.0,Summer,7,0.15,excellent,low,0.09,0.0375,0.015,0.0075
31,"Sabine Pass, LA","Swinoujscie, Poland",Q-Flex,8016.19,200994.0,Winter,3,0.2757,satisfactory,medium,0.1654,0.0689,0.0276,0.0138
32,"Sabine Pass, LA","Sines, Portugal",Q-Max,6024.8,258046.0,Winter,1,0.1663,excellent,low,0.0998,0.0416,0.0166,0.0083
33,"Sabine Pass, LA","Swinoujscie, Poland",Q-Max,7958.01,260803.0,Winter,2,0.2629,satisfactory,medium,0.1578,0.0657,0.0263,0.0131
34,"Sabine Pass, LA","Marseille, France",Standard,8274.62,147842.0,Winter,1,0.3038,satisfactory,medium,0.1823,0.0759,0.0304,0.0152
35,"Sabine Pass, LA","Rotterdam, Netherlands",Standard,6970.43,144500.0,Spring,6,0.2235,good,medium,0.1341,0.0559,0.0223,0.0112
36,"Sabine Pass, LA","Wilhelmshaven, Germany",Q-Max,7342.9,265975.0,Winter,1,0.2321,good,medium,0.1393,0.058,0.0232,0.0116
37,"Sabine Pass, LA","Dunkirk, France",Q-Max,6800.59,264068.0,Spring,6,0.1901,good,medium,0.1141,0.0475,0.019,0.0095
38,"Sabine Pass, LA","Swinoujscie, Poland",Standard,8020.35,153976.0,Fall,11,0.276,satisfactory,medium,0.1656,0.069,0.0276,0.0138
39,"Sabine Pass, LA","Isle of Grain, UK",Q-Max,6343.89,251713.0,Spring,5,0.1671,excellent,low,0.1003,0.0418,0.0167,0.0084
40,"Sabine Pass, LA","Marseille, France",Q-Flex,8271.06,208592.0,Spring,4,0.2736,satisfactory,medium,0.1642,0.0684,0.0274,0.0137
41,"Sabine Pass, LA","Sines, Portugal",Q-Flex,5959.23,202224.0,Spring,5,0.1579,excellent,low,0.0947,0.0395,0.0158,0.0079
42,"Sabine Pass, LA","Zeebrugge, Belgium",Standard,6724.12,153247.0,Fall,12,0.2112,good,medium,0.1267,0.0528,0.0211,0.0106
43,"Sabine Pass, LA","Zeebrugge, Belgium",Q-Flex,6704.56,200711.0,Fall,10,0.1952,good,medium,0.1171,0.0488,0.0195,0.0098
44,"Sabine Pass, LA","Sines, Portugal",Q-Max,6039.89,251645.0,Fall,11,0.152,excellent,low,0.0912,0.038,0.0152,0.0076
45,"Sabine Pass, LA","Fredericia, Denmark",Standard,7747.38,151998.0,Winter,3,0.2775,satisfactory,medium,0.1665,0.0694,0.0277,0.0139
46,"Sabine Pass, LA","Zeebrugge, Belgium",Q-Max,6738.14,255315.0,Winter,3,0.202,good,medium,0.1212,0.0505,0.0202,0.0101
47,"Sabine Pass, LA","Dunkirk, France",Standard,6776.68,142994.0,Winter,2,0.2288,good,medium,0.1373,0.0572,0.0229,0.0114
48,"Sabine Pass, LA","Barcelona, Spain",Q-Max,7984.97,253090.0,Spring,4,0.2491,good,medium,0.1495,0.0623,0.0249,0.0125
49,"Sabine Pass, LA","Rotterdam, Netherlands",Standard,6985.11,140414.0,Summer,7,0.1993,good,medium,0.1196,0.0498,0.0199,0.01
50,"Sabine Pass, LA","Rotterdam, Netherlands",Q-Flex,6967.86,212385.0,Winter,1,0.2233,good,medium,0.134,0.0558,0.0223,0.0112
51,"Sabine Pass, LA","Marseille, France",Q-Max,8348.42,253041.0,Summer,7,0.2425,good,medium,0.1455,0.0606,0.0243,0.0121
52,"Sabine Pass, LA","Swinoujscie, Poland",Standard,8042.56,145463.0,Fall,11,0.2772,satisfactory,medium,0.1663,0.0693,0.0277,0.0139
53,"Sabine Pass, LA","Isle of Grain, UK",Q-Flex,6344.89,212236.0,Fall,10,0.1772,excellent,low,0.1063,0.0443,0.0177,0.0089
54,"Sabine Pass, LA","Rotterdam, Netherlands",Q-Flex,7016.69,203261.0,Summer,7,0.1859,good,medium,0.1115,0.0465,0.0186,0.0093
55,"Sabine Pass, LA","Fredericia, Denmark",Q-Max,7717.73,256497.0,Fall,10,0.2359,good,medium,0.1415,0.059,0.0236,0.0118
56,"Sabine Pass, LA","Dunkirk, France",Standard,6792.99,143206.0,Fall,10,0.2147,good,medium,0.1288,0.0537,0.0215,0.0107
57,"Sabine Pass, LA","Barcelona, Spain",Standard,8029.37,149289.0,Winter,3,0.2915,satisfactory,medium,0.1749,0.0729,0.0292,0.0146
58,"Sabine Pass, LA","Isle of Grain, UK",Q-Max,6331.84,262905.0,Fall,11,0.1666,excellent,low,0.0999,0.0416,0.0167,0.0083
59,"Sabine Pass, LA","Barcelona, Spain",Q-Max,8011.13,260076.0,Summer,8,0.2255,good,medium,0.1353,0.0564,0.0226,0.0113
60,"Sabine Pass, LA","Barcelona, Spain",Q-Max,7989.97,264283.0,Fall,11,0.2495,good,medium,0.1497,0.0624,0.025,0.0125
61,"Sabine Pass, LA","Fredericia, Denmark",Standard,7671.88,141820.0,Summer,9,0.2336,good,medium,0.1402,0.0584,0.0234,0.0117
62,"Sabine Pass, LA","Zeebrugge, Belgium",Standard,6730.14,153371.0,Summer,9,0.1866,good,medium,0.112,0.0466,0.0187,0.0093
63,"Sabine Pass, LA","Marseille, France",Standard,8331.5,151155.0,Summer,7,0.2667,satisfactory,medium,0.16,0.0667,0.0267,0.0133
64,"Sabine Pass, LA","Barcelona, Spain",Q-Max,7995.01,262443.0,Fall,11,0.2497,good,medium,0.1498,0.0624,0.025,0.0125
65,"Sabine Pass, LA","Barcelona, Spain",Q-Flex,7957.75,209183.0,Spring,4,0.2578,good,medium,0.1547,0.0645,0.0258,0.0129
66,"Sabine Pass, LA","Dunkirk, France",Q-Max,6788.3,256638.0,Fall,12,0.1894,good,medium,0.1136,0.0473,0.0189,0.0095
67,"Sabine Pass, LA","Sines, Portugal",Q-Flex,5970.68,211824.0,Summer,7,0.15,excellent,low,0.09,0.0375,0.015,0.0075
68,"Sabine Pass, LA","Marseille, France",Q-Max,8288.04,256240.0,Spring,6,0.2643,satisfactory,medium,0.1586,0.0661,0.0264,0.0132
69,"Sabine Pass, LA","Swinoujscie, Poland",Standard,8024.75,147285.0,Fall,10,0.2763,satisfactory,medium,0.1658,0.0691,0.0276,0.0138
70,"Sabine Pass, LA","Fredericia, Denmark",Standard,7683.61,154711.0,Summer,7,0.2342,good,medium,0.1405,0.0586,0.0234,0.0117
71,"Sabine Pass, LA","Swinoujscie, Poland",Q-Flex,7952.7,210927.0,Fall,10,0.2577,good,medium,0.1546,0.0644,0.0258,0.0129
72,"Sabine Pass, LA","Barcelona, Spain",Q-Flex,7968.17,205738.0,Summer,7,0.2334,good,medium,0.14,0.0583,0.0233,0.0117
73,"Sabine Pass, LA","Rotterdam, Netherlands",Q-Flex,7025.2,212733.0,Spring,5,0.2113,good,medium,0.1268,0.0528,0.0211,0.0106
74,"Sabine Pass, LA","Wilhelmshaven, Germany",Q-Max,7272.42,250496.0,Fall,11,0.2135,good,medium,0.1281,0.0534,0.0214,0.0107
75,"Sabine Pass, LA","Marseille, France",Q-Max,8265.24,259024.0,Summer,8,0.2383,good,medium,0.143,0.0596,0.0238,0.0119
76,"Sabine Pass, LA","Wilhelmshaven, Germany",Standard,7266.78,144666.0,Fall,12,0.2384,good,medium,0.143,0.0596,0.0238,0.0119
77,"Sabine Pass, LA","Marseille, France",Q-Flex,8252.57,206743.0,Fall,10,0.2727,satisfactory,medium,0.1636,0.0682,0.0273,0.0136
78,"Sabine Pass, LA","Isle of Grain, UK",Standard,6309.21,149006.0,Spring,4,0.1904,good,low,0.1142,0.0476,0.019,0.0095
79,"Sabine Pass, LA","Isle of Grain, UK",Standard,6329.62,147589.0,Winter,1,0.2064,good,low,0.1239,0.0516,0.0206,0.0103
80,"Sabine Pass, LA","Wilhelmshaven, Germany",Q-Flex,7251.27,210805.0,Summer,8,0.1975,good,medium,0.1185,0.0494,0.0197,0.0099
81,"Sabine Pass, LA","Zeebrugge, Belgium",Standard,6693.55,148073.0,Summer,9,0.1848,good,medium,0.1109,0.0462,0.0185,0.0092
82,"Sabine Pass, LA","Barcelona, Spain",Standard,7996.49,141300.0,Fall,10,0.2748,satisfactory,medium,0.1649,0.0687,0.0275,0.0137
83,"Sabine Pass, LA","Barcelona, Spain",Q-Flex,7974.39,200488.0,Fall,10,0.2587,good,medium,0.1552,0.0647,0.0259,0.0129
84,"Sabine Pass, LA","Zeebrugge, Belgium",Q-Flex,6698.75,211920.0,Spring,5,0.1949,good,medium,0.1169,0.0487,0.0195,0.0097
85,"Sabine Pass, LA","Sines, Portugal",Q-Max,6001.66,256503.0,Winter,2,0.165,excellent,low,0.099,0.0413,0.0165,0.0083
86,"Sabine Pass, LA","Barcelona, Spain",Q-Flex,8014.59,203767.0,Summer,8,0.2358,good,medium,0.1415,0.0589,0.0236,0.0118
87,"Sabine Pass, LA","Rotterdam, Netherlands",Q-Flex,7016.4,216943.0,Summer,8,0.1858,good,medium,0.1115,0.0465,0.0186,0.0093
88,"Sabine Pass, LA","Wilhelmshaven, Germany",Q-Flex,7320.29,203274.0,Spring,5,0.226,good,medium,0.1356,0.0565,0.0226,0.0113
89,"Sabine Pass, LA","Swinoujscie, Poland",Standard,8045.09,148844.0,Winter,3,0.2922,satisfactory,medium,0.1753,0.073,0.0292,0.0146
90,"Sabine Pass, LA","Swinoujscie, Poland",Q-Max,8009.68,255774.0,Spring,4,0.2504,good,medium,0.1503,0.0626,0.025,0.0125
91,"Sabine Pass, LA","Zeebrugge, Belgium",Q-Max,6677.43,265105.0,Summer,9,0.1588,excellent,medium,0.0953,0.0397,0.0159,0.0079
92,"Sabine Pass, LA","Isle of Grain, UK",Standard,6337.27,140771.0,Spring,5,0.1919,good,low,0.1151,0.048,0.0192,0.0096
93,"Sabine Pass, LA","Barcelona, Spain",Q-Max,7961.41,259232.0,Summer,7,0.2231,good,medium,0.1338,0.0558,0.0223,0.0112
94,"Sabine Pass, LA","Marseille, France",Q-Max,8344.91,262231.0,Spring,4,0.2671,satisfactory,medium,0.1603,0.0668,0.0267,0.0134
95,"Sabine Pass, LA","Dunkirk, France",Q-Flex,6827.57,210005.0,Summer,8,0.1765,excellent,medium,0.1059,0.0441,0.0176,0.0088
96,"Sabine Pass, LA","Marseille, France",Standard,8312.1,143970.0,Fall,12,0.2905,satisfactory,medium,0.1743,0.0726,0.029,0.0145
97,"Sabine Pass, LA","Isle of Grain, UK",Q-Max,6265.71,250043.0,Summer,9,0.15,excellent,low,0.09,0.0375,0.015,0.0075
98,"Sabine Pass, LA","Rotterdam, Netherlands",Q-Flex,6953.26,201210.0,Fall,12,0.2076,good,medium,0.1246,0.0519,0.0208,0.0104
99,"Sabine Pass, LA","Rotterdam, Netherlands",Standard,7028.78,148168.0,Fall,10,0.2265,good,medium,0.1359,0.0566,0.0226,0.0113
100,"Sabine Pass, LA","Revithoussa, Greece",Q-Flex,8964.9,205229.0,Winter,3,0.32,satisfactory,high,0.192,0.08,0.032,0.016
101,"Sabine Pass, LA","Marseille, France",Q-Flex,8342.12,206843.0,Winter,2,0.2921,satisfactory,medium,0.1753,0.073,0.0292,0.0146
102,"Sabine Pass, LA","Swinoujscie, Poland",Q-Max,7999.38,256912.0,Fall,10,0.2499,good,medium,0.1499,0.0625,0.025,0.0125
103,"Sabine Pass, LA","Isle of Grain, UK",Standard,6272.89,152321.0,Fall,10,0.1887,good,low,0.1132,0.0472,0.0189,0.0094
104,"Sabine Pass, LA","Marseille, France",Q-Max,8254.02,257076.0,Summer,8,0.2377,good,medium,0.1426,0.0594,0.0238,0.0119
105,"Sabine Pass, LA","Fredericia, Denmark",Q-Flex,7713.48,205458.0,Winter,2,0.2607,satisfactory,medium,0.1564,0.0652,0.0261,0.013
106,"Sabine Pass, LA","Zeebrugge, Belgium",Standard,6682.98,148251.0,Summer,8,0.1841,good,medium,0.1105,0.046,0.0184,0.0092
107,"Sabine Pass, LA","Barcelona, Spain",Q-Flex,7958.81,214703.0,Spring,6,0.2578,good,medium,0.1547,0.0645,0.0258,0.0129
108,"Sabine Pass, LA","Sines, Portugal",Standard,6015.77,151347.0,Summer,8,0.1508,excellent,low,0.0905,0.0377,0.0151,0.0075
109,"Sabine Pass, LA","Revithoussa, Greece",Q-Max,8994.2,252096.0,Spring,4,0.2996,satisfactory,high,0.1798,0.0749,0.03,0.015
110,"Sabine Pass, LA","Barcelona, Spain",Standard,7962.14,140205.0,Fall,10,0.2732,satisfactory,medium,0.1639,0.0683,0.0273,0.0137
111,"Sabine Pass, LA","Fredericia, Denmark",Q-Max,7659.32,260363.0,Summer,8,0.2081,good,medium,0.1248,0.052,0.0208,0.0104
112,"Sabine Pass, LA","Rotterdam, Netherlands",Q-Flex,7000.89,204143.0,Summer,7,0.1851,good,medium,0.1111,0.0463,0.0185,0.0093
113,"Sabine Pass, LA","Fredericia, Denmark",Standard,7669.06,151590.0,Summer,9,0.2335,good,medium,0.1401,0.0584,0.0234,0.0117
114,"Sabine Pass, LA","Fredericia, Denmark",Standard,7683.99,148804.0,Spring,5,0.2593,good,medium,0.1556,0.0648,0.0259,0.013
115,"Sabine Pass, LA","Revithoussa, Greece",Q-Max,8998.96,255522.0,Summer,8,0.275,satisfactory,high,0.165,0.0687,0.0275,0.0137
116,"Sabine Pass, LA","Barcelona, Spain",Q-Max,8043.29,256128.0,Fall,12,0.2521,good,medium,0.1513,0.063,0.0252,0.0126
117,"Sabine Pass, LA","Wilhelmshaven, Germany",Standard,7324.47,154712.0,Summer,7,0.2162,good,medium,0.1297,0.054,0.0216,0.0108
118,"Sabine Pass, LA","Barcelona, Spain",Q-Max,8046.48,255312.0,Summer,9,0.2274,good,medium,0.1365,0.0569,0.0227,0.0114
119,"Sabine Pass, LA","Isle of Grain, UK",Q-Flex,6302.6,211131.0,Winter,1,0.1902,good,low,0.1141,0.0475,0.019,0.0095
120,"Sabine Pass, LA","Barcelona, Spain",Q-Flex,8028.15,201365.0,Spring,6,0.2614,satisfactory,medium,0.1569,0.0654,0.0261,0.0131
121,"Sabine Pass, LA","Revithoussa, Greece",Q-Flex,9035.93,208295.0,Spring,6,0.3118,satisfactory,high,0.1871,0.078,0.0312,0.0156
122,"Sabine Pass, LA","Marseille, France",Standard,8256.84,146510.0,Fall,11,0.288,satisfactory,medium,0.1728,0.072,0.0288,0.0144
123,"Sabine Pass, LA","Isle of Grain, UK",Standard,6326.04,140690.0,Winter,2,0.2063,good,low,0.1238,0.0516,0.0206,0.0103
124,"Sabine Pass, LA","Sines, Portugal",Q-Flex,5979.34,209621.0,Summer,7,0.15,excellent,low,0.09,0.0375,0.015,0.0075
125,"Sabine Pass, LA","Zeebrugge, Belgium",Standard,6667.51,142147.0,Summer,7,0.1834,good,medium,0.11,0.0458,0.0183,0.0092
126,"Sabine Pass, LA","Barcelona, Spain",Q-Flex,8013.79,207909.0,Spring,5,0.2607,satisfactory,medium,0.1564,0.0652,0.0261,0.013
127,"Sabine Pass, LA","Swinoujscie, Poland",Q-Flex,7965.8,216354.0,Spring,6,0.2584,good,medium,0.155,0.0646,0.0258,0.0129
128,"Sabine Pass, LA","Barcelona, Spain",Q-Max,8034.53,251706.0,Summer,7,0.2268,good,medium,0.1361,0.0567,0.0227,0.0113
129,"Sabine Pass, LA","Rotterdam, Netherlands",Q-Flex,7049.27,204666.0,Winter,1,0.2276,good,medium,0.1365,0.0569,0.0228,0.0114
130,"Sabine Pass, LA","Revithoussa, Greece",Q-Max,9027.83,263325.0,Fall,10,0.3015,satisfactory,high,0.1809,0.0754,0.0301,0.0151
131,"Sabine Pass, LA","Dunkirk, France",Q-Flex,6810.71,211522.0,Spring,4,0.2006,good,medium,0.1203,0.0501,0.0201,0.01
132,"Sabine Pass, LA","Revithoussa, Greece",Q-Max,9018.09,260039.0,Fall,11,0.3008,satisfactory,high,0.1805,0.0752,0.0301,0.015
133,"Sabine Pass, LA","Sines, Portugal",Standard,6007.96,142635.0,Winter,3,0.1903,good,low,0.1142,0.0476,0.019,0.0095
134,"Sabine Pass, LA","Zeebrugge, Belgium",Q-Flex,6728.65,202797.0,Summer,9,0.1714,excellent,medium,0.1029,0.0429,0.0171,0.0086
135,"Sabine Pass, LA","Barcelona, Spain",Q-Flex,8046.74,207962.0,Fall,12,0.2624,satisfactory,medium,0.1575,0.0656,0.0262,0.0131
136,"Sabine Pass, LA","Dunkirk, France",Standard,6836.01,145487.0,Fall,11,0.2169,good,medium,0.1301,0.0542,0.0217,0.0108
137,"Sabine Pass, LA","Fredericia, Denmark",Standard,7651.39,148768.0,Winter,2,0.2726,satisfactory,medium,0.1635,0.0681,0.0273,0.0136
138,"Sabine Pass, LA","Revithoussa, Greece",Q-Max,9044.03,250400.0,Fall,11,0.3021,satisfactory,high,0.1813,0.0755,0.0302,0.0151
139,"Sabine Pass, LA","Marseille, France",Q-Max,8272.14,264550.0,Fall,11,0.2637,satisfactory,medium,0.1582,0.0659,0.0264,0.0132
140,"Sabine Pass, LA","Zeebrugge, Belgium",Q-Max,6654.53,251858.0,Spring,5,0.1828,good,medium,0.1097,0.0457,0.0183,0.0091
141,"Sabine Pass, LA","Fredericia, Denmark",Standard,7695.36,150899.0,Fall,12,0.2598,good,medium,0.1559,0.065,0.026,0.013
142,"Sabine Pass, LA","Fredericia, Denmark",Q-Flex,7715.49,200556.0,Fall,10,0.2458,good,medium,0.1475,0.0614,0.0246,0.0123
143,"Sabine Pass, LA","Barcelona, Spain",Q-Max,7994.47,260971.0,Spring,6,0.2496,good,medium,0.1498,0.0624,0.025,0.0125
144,"Sabine Pass, LA","Wilhelmshaven, Germany",Q-Flex,7256.06,214011.0,Spring,4,0.2229,good,medium,0.1337,0.0557,0.0223,0.0111
145,"Sabine Pass, LA","Dunkirk, France",Standard,6814.17,151805.0,Winter,1,0.2306,good,medium,0.1384,0.0577,0.0231,0.0115
146,"Sabine Pass, LA","Dunkirk, France",Standard,6756.86,151616.0,Spring,4,0.2129,good,medium,0.1277,0.0532,0.0213,0.0106
147,"Sabine Pass, LA","Marseille, France",Q-Max,8250.28,262776.0,Winter,3,0.2775,satisfactory,medium,0.1665,0.0694,0.0278,0.0139
148,"Sabine Pass, LA","Zeebrugge, Belgium",Q-Max,6651.49,252788.0,Fall,10,0.1825,good,medium,0.1095,0.0456,0.0183,0.0091
149,"Sabine Pass, LA","Swinoujscie, Poland",Q-Max,7961.36,255793.0,Summer,8,0.2231,good,medium,0.1338,0.0558,0.0223,0.0112
150,"Sabine Pass, LA","Dunkirk, France",Q-Max,6844.54,263872.0,Fall,12,0.1923,good,medium,0.1154,0.0481,0.0192,0.0096
151,"Sabine Pass, LA","Sines, Portugal",Q-Flex,5956.08,212111.0,Summer,7,0.15,excellent,low,0.09,0.0375,0.015,0.0075
152,"Sabine Pass, LA","Isle of Grain, UK",Q-Max,6282.21,259989.0,Winter,2,0.179,excellent,low,0.1074,0.0448,0.0179,0.009
153,"Sabine Pass, LA","Fredericia, Denmark",Standard,7749.46,150527.0,Spring,5,0.2625,satisfactory,medium,0.1575,0.0656,0.0262,0.0131
154,"Sabine Pass, LA","Revithoussa, Greece",Standard,9015.09,146207.0,Fall,12,0.32,satisfactory,high,0.192,0.08,0.032,0.016
155,"Sabine Pass, LA","Barcelona, Spain",Standard,7989.87,154304.0,Winter,2,0.2894,satisfactory,medium,0.1737,0.0724,0.0289,0.0145
156,"Sabine Pass, LA","Revithoussa, Greece",Q-Max,9042.3,251492.0,Winter,2,0.3172,satisfactory,high,0.1903,0.0793,0.0317,0.0159
157,"Sabine Pass, LA","Zeebrugge, Belgium",Standard,6705.64,153104.0,Summer,9,0.1853,good,medium,0.1112,0.0463,0.0185,0.0093
158,"Sabine Pass, LA","Fredericia, Denmark",Standard,7736.81,148669.0,Winter,1,0.277,satisfactory,medium,0.1662,0.0692,0.0277,0.0138
159,"Sabine Pass, LA","Dunkirk, France",Q-Flex,6765.47,209457.0,Spring,4,0.1983,good,medium,0.119,0.0496,0.0198,0.0099
160,"Sabine Pass, LA","Rotterdam, Netherlands",Q-Flex,7007.41,210431.0,Summer,9,0.1855,good,medium,0.1113,0.0464,0.0185,0.0093
161,"Sabine Pass, LA","Sines, Portugal",Standard,6010.9,144635.0,Fall,12,0.1755,excellent,low,0.1053,0.0439,0.0176,0.0088
162,"Sabine Pass, LA","Wilhelmshaven, Germany",Q-Max,7285.1,256413.0,Winter,3,0.2293,good,medium,0.1376,0.0573,0.0229,0.0115
163,"Sabine Pass, LA","Sines, Portugal",Standard,5959.18,144675.0,Spring,4,0.1729,excellent,low,0.1038,0.0432,0.0173,0.0086
164,"Sabine Pass, LA","Wilhelmshaven, Germany",Standard,7327.68,149268.0,Fall,10,0.2413,good,medium,0.1448,0.0603,0.0241,0.0121
165,"Sabine Pass, LA","Revithoussa, Greece",Q-Flex,8958.16,207041.0,Fall,11,0.3079,satisfactory,high,0.1847,0.077,0.0308,0.0154
166,"Sabine Pass, LA","Swinoujscie, Poland",Q-Flex,7961.38,208273.0,Winter,2,0.273,satisfactory,medium,0.1638,0.0683,0.0273,0.0137
167,"Sabine Pass, LA","Sines, Portugal",Standard,5972.05,142059.0,Winter,1,0.1885,good,low,0.1131,0.0471,0.0189,0.0094
168,"Sabine Pass, LA","Rotterdam, Netherlands",Q-Max,6978.94,256890.0,Winter,1,0.2139,good,medium,0.1284,0.0535,0.0214,0.0107
169,"Sabine Pass, LA","Dunkirk, France",Standard,6800.03,140281.0,Spring,6,0.2149,good,medium,0.1289,0.0537,0.0215,0.0107
170,"Sabine Pass, LA","Isle of Grain, UK",Standard,6336.21,141728.0,Summer,7,0.1668,excellent,low,0.1001,0.0417,0.0167,0.0083
171,"Sabine Pass, LA","Sines, Portugal",Q-Max,6046.62,261034.0,Fall,10,0.1523,excellent,low,0.0914,0.0381,0.0152,0.0076
172,"Sabine Pass, LA","Isle of Grain, UK",Standard,6274.33,145093.0,Summer,7,0.1637,excellent,low,0.0982,0.0409,0.0164,0.0082
173,"Sabine Pass, LA","Wilhelmshaven, Germany",Q-Max,7327.91,258490.0,Summer,9,0.1914,good,medium,0.1149,0.0479,0.0191,0.0096
174,"Sabine Pass, LA","Wilhelmshaven, Germany",Standard,7322.74,149036.0,Winter,3,0.2561,good,medium,0.1536,0.064,0.0256,0.0128
175,"Sabine Pass, LA","Revithoussa, Greece",Standard,8957.54,150217.0,Summer,8,0.2979,satisfactory,high,0.1787,0.0745,0.0298,0.0149
176,"Sabine Pass, LA","Marseille, France",Standard,8314.3,141024.0,Spring,6,0.2908,satisfactory,medium,0.1745,0.0727,0.0291,0.0145
177,"Sabine Pass, LA","Barcelona, Spain",Q-Flex,8013.14,205277.0,Fall,10,0.2605,satisfactory,medium,0.1563,0.0651,0.0261,0.013
178,"Sabine Pass, LA","Sines, Portugal",Q-Flex,5986.87,201535.0,Winter,2,0.1744,excellent,low,0.1046,0.0436,0.0174,0.0087
179,"Sabine Pass, LA","Fredericia, Denmark",Standard,7696.27,149778.0,Fall,12,0.2599,good,medium,0.1559,0.065,0.026,0.013
180,"Sabine Pass, LA","Wilhelmshaven, Germany",Standard,7310.5,152561.0,Winter,3,0.2556,good,medium,0.1534,0.0639,0.0256,0.0128
181,"Sabine Pass, LA","Isle of Grain, UK",Q-Max,6300.45,257004.0,Winter,1,0.18,excellent,low,0.108,0.045,0.018,0.009
182,"Sabine Pass, LA","Zeebrugge, Belgium",Q-Flex,6686.39,210164.0,Summer,7,0.1693,excellent,medium,0.1016,0.0423,0.0169,0.0085
183,"Sabine Pass, LA","Revithoussa, Greece",Q-Flex,8983.46,204284.0,Winter,2,0.32,satisfactory,high,0.192,0.08,0.032,0.016
184,"Sabine Pass, LA","Marseille, France",Q-Flex,8337.33,205947.0,Winter,2,0.2919,satisfactory,medium,0.1751,0.073,0.0292,0.0146
185,"Sabine Pass, LA","Revithoussa, Greece",Standard,8989.2,151875.0,Fall,12,0.32,satisfactory,high,0.192,0.08,0.032,0.016
186,"Sabine Pass, LA","Zeebrugge, Belgium",Standard,6717.01,147627.0,Fall,11,0.2109,good,medium,0.1266,0.0527,0.0211,0.0105
187,"Sabine Pass, LA","Sines, Portugal",Q-Max,5986.26,262258.0,Spring,4,0.15,excellent,low,0.09,0.0375,0.015,0.0075
188,"Sabine Pass, LA","Zeebrugge, Belgium",Q-Max,6657.72,263362.0,Summer,9,0.1579,excellent,medium,0.0948,0.0395,0.0158,0.0079
189,"Sabine Pass, LA","Wilhelmshaven, Germany",Standard,7337.64,150393.0,Winter,3,0.2569,good,medium,0.1541,0.0642,0.0257,0.0128
190,"Sabine Pass, LA","Marseille, France",Q-Max,8330.9,256574.0,Fall,12,0.2665,satisfactory,medium,0.1599,0.0666,0.0267,0.0133
191,"Sabine Pass, LA","Barcelona, Spain",Standard,8011.06,151766.0,Summer,8,0.2505,good,medium,0.1503,0.0626,0.025,0.0125
192,"Sabine Pass, LA","Dunkirk, France",Standard,6786.78,147912.0,Summer,8,0.1893,good,medium,0.1136,0.0473,0.0189,0.0095
193,"Sabine Pass, LA","Zeebrugge, Belgium",Standard,6731.69,145568.0,Winter,3,0.2267,good,medium,0.136,0.0567,0.0227,0.0113
194,"Sabine Pass, LA","Isle of Grain, UK",Standard,6321.14,153580.0,Winter,2,0.206,good,low,0.1236,0.0515,0.0206,0.0103
195,"Sabine Pass, LA","Zeebrugge, Belgium",Q-Max,6733.1,264154.0,Spring,4,0.1867,good,medium,0.112,0.0467,0.0187,0.0093
196,"Sabine Pass, LA","Fredericia, Denmark",Q-Max,7700.2,255999.0,Summer,7,0.2101,good,medium,0.1261,0.0525,0.021,0.0105
197,"Sabine Pass, LA","Revithoussa, Greece",Q-Max,8983.53,264678.0,Winter,3,0.314,satisfactory,high,0.1884,0.0785,0.0314,0.0157
198,"Sabine Pass, LA","Barcelona, Spain",Q-Max,7994.86,253450.0,Winter,2,0.2646,satisfactory,medium,0.1588,0.0662,0.0265,0.0132
199,"Sabine Pass, LA","Marseille, France",Q-Max,8302.78,251950.0,Spring,5,0.2651,satisfactory,medium,0.159,0.0663,0.0265,0.0133
200,"Sabine Pass, LA","Marseille, France",Q-Max,8295.71,250263.0,Summer,8,0.2398,good,medium,0.1439,0.06,0.024,0.012
201,"Sabine Pass, LA","Zeebrugge, Belgium",Q-Max,6679.13,259131.0,Fall,10,0.1839,good,medium,0.1104,0.046,0.0184,0.0092
202,"Sabine Pass, LA","Swinoujscie, Poland",Q-Max,8047.47,262583.0,Summer,9,0.2274,good,medium,0.1364,0.0568,0.0227,0.0114
203,"Sabine Pass, LA","Barcelona, Spain",Q-Flex,7954.35,213405.0,Spring,6,0.2577,good,medium,0.1546,0.0644,0.0258,0.0129
204,"Sabine Pass, LA","Revithoussa, Greece",Standard,9012.83,145078.0,Fall,12,0.32,satisfactory,high,0.192,0.08,0.032,0.016
205,"Sabine Pass, LA","Revithoussa, Greece",Standard,8967.51,142023.0,Summer,8,0.2985,satisfactory,high,0.1791,0.0746,0.0299,0.0149
206,"Sabine Pass, LA","Barcelona, Spain",Q-Max,7953.7,264173.0,Winter,1,0.2628,satisfactory,medium,0.1577,0.0657,0.0263,0.0131
207,"Sabine Pass, LA","Fredericia, Denmark",Standard,7748.91,145355.0,Summer,8,0.2374,good,medium,0.1424,0.0593,0.0237,0.0119
208,"Sabine Pass, LA","Sines, Portugal",Q-Flex,6036.58,215121.0,Spring,5,0.1618,excellent,low,0.0971,0.0404,0.0162,0.0081
209,"Sabine Pass, LA","Fredericia, Denmark",Q-Max,7683.9,255878.0,Summer,8,0.2092,good,medium,0.1255,0.0523,0.0209,0.0105
210,"Sabine Pass, LA","Isle of Grain, UK",Q-Max,6322.71,263157.0,Summer,7,0.15,excellent,low,0.09,0.0375,0.015,0.0075
211,"Sabine Pass, LA","Isle of Grain, UK",Q-Flex,6282.79,202833.0,Spring,5,0.1741,excellent,low,0.1045,0.0435,0.0174,0.0087
212,"Sabine Pass, LA","Barcelona, Spain",Q-Flex,7954.24,216660.0,Fall,10,0.2578,good,medium,0.1547,0.0645,0.0258,0.0129
213,"Sabine Pass, LA","Isle of Grain, UK",Q-Flex,6317.12,202720.0,Spring,6,0.1759,excellent,low,0.1055,0.044,0.0176,0.0088
214,"Sabine Pass, LA","Marseille, France",Q-Flex,8317.81,210968.0,Winter,1,0.2908,satisfactory,medium,0.1745,0.0727,0.0291,0.0145
215,"Sabine Pass, LA","Marseille, France",Q-Max,8253.24,255935.0,Fall,11,0.2626,satisfactory,medium,0.1576,0.0657,0.0263,0.0131
216,"Sabine Pass, LA","Zeebrugge, Belgium",Q-Flex,6702.95,201929.0,Spring,6,0.1952,good,medium,0.1171,0.0488,0.0195,0.0098
217,"Sabine Pass, LA","Barcelona, Spain",Standard,8001.77,154945.0,Winter,2,0.29,satisfactory,medium,0.174,0.0725,0.029,0.0145
218,"Sabine Pass, LA","Rotterdam, Netherlands",Q-Flex,7019.4,207685.0,Spring,4,0.2109,good,medium,0.1265,0.0527,0.0211,0.0105
219,"Sabine Pass, LA","Barcelona, Spain",Standard,8049.73,144355.0,Spring,6,0.2775,satisfactory,medium,0.1665,0.0694,0.0278,0.0139
220,"Sabine Pass, LA","Rotterdam, Netherlands",Standard,7035.14,147631.0,Fall,12,0.2269,good,medium,0.1361,0.0567,0.0227,0.0113
221,"Sabine Pass, LA","Isle of Grain, UK",Q-Max,6348.51,250421.0,Spring,4,0.1675,excellent,low,0.1005,0.0419,0.0167,0.0084
222,"Sabine Pass, LA","Swinoujscie, Poland",Q-Max,7962.98,265994.0,Winter,2,0.2631,satisfactory,medium,0.1579,0.0658,0.0263,0.0132
223,"Sabine Pass, LA","Fredericia, Denmark",Q-Max,7732.33,260277.0,Winter,3,0.2517,good,medium,0.151,0.0629,0.0252,0.0126
224,"Sabine Pass, LA","Wilhelmshaven, Germany",Standard,7262.83,147543.0,Fall,11,0.2382,good,medium,0.1429,0.0595,0.0238,0.0119
225,"Sabine Pass, LA","Sines, Portugal",Standard,6033.14,143382.0,Winter,3,0.1916,good,low,0.115,0.0479,0.0192,0.0096
226,"Sabine Pass, LA","Swinoujscie, Poland",Q-Max,8039.49,265302.0,Spring,5,0.2519,good,medium,0.1511,0.063,0.0252,0.0126
227,"Sabine Pass, LA","Marseille, France",Standard,8303.35,149881.0,Fall,11,0.2901,satisfactory,medium,0.174,0.0725,0.029,0.0145
228,"Sabine Pass, LA","Marseille, France",Standard,8283.76,149622.0,Winter,1,0.3043,satisfactory,medium,0.1826,0.0761,0.0304,0.0152
229,"Sabine Pass, LA","Marseille, France",Q-Max,8276.47,260224.0,Fall,10,0.2638,satisfactory,medium,0.1583,0.066,0.0264,0.0132
230,"Sabine Pass, LA","Rotterdam, Netherlands",Q-Flex,7014.19,206904.0,Summer,8,0.1857,good,medium,0.1114,0.0464,0.0186,0.0093
231,"Sabine Pass, LA","Sines, Portugal",Q-Flex,5965.81,202442.0,Summer,8,0.15,excellent,low,0.09,0.0375,0.015,0.0075
232,"Sabine Pass, LA","Wilhelmshaven, Germany",Q-Flex,7323.42,209548.0,Summer,7,0.2011,good,medium,0.1207,0.0503,0.0201,0.0101
233,"Sabine Pass, LA","Barcelona, Spain",Q-Flex,7962.25,216072.0,Spring,4,0.258,good,medium,0.1548,0.0645,0.0258,0.0129
234,"Sabine Pass, LA","Fredericia, Denmark",Q-Max,7674.83,261538.0,Spring,6,0.2338,good,medium,0.1403,0.0585,0.0234,0.0117
235,"Sabine Pass, LA","Swinoujscie, Poland",Q-Flex,7996.68,208593.0,Summer,8,0.2347,good,medium,0.1408,0.0587,0.0235,0.0117
236,"Sabine Pass, LA","Dunkirk, France",Q-Max,6808.33,259560.0,Winter,1,0.2054,good,medium,0.1232,0.0513,0.0205,0.0103
237,"Sabine Pass, LA","Rotterdam, Netherlands",Q-Max,7003.67,254232.0,Summer,7,0.1751,excellent,medium,0.1051,0.0438,0.0175,0.0088
238,"Sabine Pass, LA","Sines, Portugal",Standard,5990.06,147564.0,Summer,9,0.15,excellent,low,0.09,0.0375,0.015,0.0075
239,"Sabine Pass, LA","Swinoujscie, Poland",Standard,7977.97,145598.0,Fall,11,0.2739,satisfactory,medium,0.1644,0.0685,0.0274,0.0137
240,"Sabine Pass, LA","Wilhelmshaven, Germany",Q-Flex,7305.78,208501.0,Winter,3,0.2402,good,medium,0.1441,0.0601,0.024,0.012
241,"Sabine Pass, LA","Zeebrugge, Belgium",Q-Flex,6721.36,208764.0,Summer,9,0.1711,excellent,medium,0.1026,0.0428,0.0171,0.0086
242,"Sabine Pass, LA","Marseille, France",Q-Flex,8281.85,205718.0,Fall,10,0.2742,satisfactory,medium,0.1645,0.0685,0.0274,0.0137
243,"Sabine Pass, LA","Swinoujscie, Poland",Standard,7998.98,141644.0,Spring,5,0.2749,satisfactory,medium,0.165,0.0687,0.0275,0.0137
244,"Sabine Pass, LA","Fredericia, Denmark",Standard,7708.37,149834.0,Fall,12,0.2605,satisfactory,medium,0.1563,0.0651,0.026,0.013
245,"Sabine Pass, LA","Marseille, France",Standard,8307.76,149296.0,Winter,1,0.3054,satisfactory,medium,0.1832,0.0764,0.0305,0.0153
246,"Sabine Pass, LA","Fredericia, Denmark",Standard,7664.78,140284.0,Spring,4,0.2581,good,medium,0.1549,0.0645,0.0258,0.0129
247,"Sabine Pass, LA","Wilhelmshaven, Germany",Q-Flex,7291.88,210395.0,Fall,12,0.2245,good,medium,0.1347,0.0561,0.0225,0.0112
248,"Sabine Pass, LA","Sines, Portugal",Standard,6020.58,145652.0,Spring,4,0.176,excellent,low,0.1056,0.044,0.0176,0.0088
249,"Sabine Pass, LA","Zeebrugge, Belgium",Standard,6695.97,150211.0,Spring,6,0.2098,good,medium,0.1259,0.0525,0.021,0.0105
250,"Sabine Pass, LA","Rotterdam, Netherlands",Q-Max,7011.01,254776.0,Spring,4,0.2005,good,medium,0.1203,0.0501,0.0201,0.01
251,"Sabine Pass, LA","Rotterdam, Netherlands",Standard,7020.49,154017.0,Fall,12,0.226,good,medium,0.1356,0.0565,0.0226,0.0113
252,"Sabine Pass, LA","Rotterdam, Netherlands",Standard,6978.78,145177.0,Fall,11,0.2239,good,medium,0.1344,0.056,0.0224,0.0112
253,"Sabine Pass, LA","Zeebrugge, Belgium",Q-Flex,6679.05,211152.0,Fall,12,0.1939,good,medium,0.1163,0.0485,0.0194,0.0097
254,"Sabine Pass, LA","Dunkirk, France",Standard,6770.21,149235.0,Spring,5,0.2136,good,medium,0.1282,0.0534,0.0214,0.0107
255,"Sabine Pass, LA","Marseille, France",Q-Max,8273.93,253611.0,Fall,11,0.2638,satisfactory,medium,0.1583,0.066,0.0264,0.0132
256,"Sabine Pass, LA","Wilhelmshaven, Germany",Q-Max,7321.74,250083.0,Fall,11,0.2161,good,medium,0.1297,0.054,0.0216,0.0108
257,"Sabine Pass, LA","Fredericia, Denmark",Q-Flex,7715.29,204883.0,Summer,8,0.2208,good,medium,0.1325,0.0552,0.0221,0.011
258,"Sabine Pass, LA","Sines, Portugal",Q-Max,6040.79,258562.0,Fall,11,0.1521,excellent,low,0.0912,0.038,0.0152,0.0076
259,"Sabine Pass, LA","Zeebrugge, Belgium",Q-Max,6691.79,256352.0,Winter,1,0.1997,good,medium,0.1198,0.0499,0.02,0.01
260,"Sabine Pass, LA","Rotterdam, Netherlands",Q-Max,7037.67,251717.0,Spring,5,0.2019,good,medium,0.1211,0.0505,0.0202,0.0101
261,"Sabine Pass, LA","Revithoussa, Greece",Q-Flex,9004.33,203278.0,Winter,3,0.32,satisfactory,high,0.192,0.08,0.032,0.016
262,"Sabine Pass, LA","Zeebrugge, Belgium",Standard,6723.11,144425.0,Spring,5,0.2112,good,medium,0.1267,0.0528,0.0211,0.0106
263,"Sabine Pass, LA","Revithoussa, Greece",Q-Max,9025.73,264353.0,Fall,10,0.3014,satisfactory,high,0.1808,0.0753,0.0301,0.0151
264,"Sabine Pass, LA","Isle of Grain, UK",Q-Max,6290.08,257639.0,Winter,3,0.1796,excellent,low,0.1078,0.0449,0.018,0.009
265,"Sabine Pass, LA","Fredericia, Denmark",Q-Flex,7673.55,200194.0,Spring,6,0.2436,good,medium,0.1462,0.0609,0.0244,0.0122
266,"Sabine Pass, LA","Dunkirk, France",Q-Max,6756.21,256487.0,Summer,8,0.1628,excellent,medium,0.0977,0.0407,0.0163,0.0081
267,"Sabine Pass, LA","Rotterdam, Netherlands",Standard,7019.03,147173.0,Spring,5,0.2259,good,medium,0.1356,0.0565,0.0226,0.0113
268,"Sabine Pass, LA","Barcelona, Spain",Standard,8024.77,148063.0,Spring,6,0.2762,satisfactory,medium,0.1657,0.0691,0.0276,0.0138
269,"Sabine Pass, LA","Revithoussa, Greece",Q-Max,9032.56,263970.0,Fall,11,0.3017,satisfactory,high,0.181,0.0754,0.0302,0.0151
270,"Sabine Pass, LA","Wilhelmshaven, Germany",Standard,7257.81,148591.0,Winter,2,0.2528,good,medium,0.1517,0.0632,0.0253,0.0126
271,"Sabine Pass, LA","Zeebrugge, Belgium",Standard,6666.45,141364.0,Summer,8,0.1833,good,medium,0.11,0.0458,0.0183,0.0092
272,"Sabine Pass, LA","Swinoujscie, Poland",Q-Max,7994.55,256647.0,Summer,8,0.2246,good,medium,0.1348,0.0562,0.0225,0.0112
273,"Sabine Pass, LA","Revithoussa, Greece",Standard,9030.69,148675.0,Winter,1,0.32,satisfactory,high,0.192,0.08,0.032,0.016
274,"Sabine Pass, LA","Sines, Portugal",Standard,5992.37,154792.0,Winter,2,0.1896,good,low,0.1138,0.0474,0.019,0.0095
275,"Sabine Pass, LA","Barcelona, Spain",Q-Flex,7953.17,216632.0,Winter,3,0.2727,satisfactory,medium,0.1636,0.0682,0.0273,0.0136
276,"Sabine Pass, LA","Fredericia, Denmark",Q-Flex,7687.45,206386.0,Summer,8,0.2195,good,medium,0.1317,0.0549,0.0219,0.011
277,"Sabine Pass, LA","Revithoussa, Greece",Q-Max,9037.46,251898.0,Fall,11,0.302,satisfactory,high,0.1812,0.0755,0.0302,0.0151
278,"Sabine Pass, LA","Zeebrugge, Belgium",Q-Max,6722.79,265656.0,Winter,1,0.2012,good,medium,0.1207,0.0503,0.0201,0.0101
279,"Sabine Pass, LA","Fredericia, Denmark",Q-Max,7703.19,252482.0,Spring,4,0.2352,good,medium,0.1411,0.0588,0.0235,0.0118
280,"Sabine Pass, LA","Isle of Grain, UK",Standard,6253.22,143610.0,Summer,7,0.1627,excellent,low,0.0976,0.0407,0.0163,0.0081
281,"Sabine Pass, LA","Isle of Grain, UK",Q-Max,6260.09,261253.0,Summer,8,0.15,excellent,low,0.09,0.0375,0.015,0.0075
282,"Sabine Pass, LA","Fredericia, Denmark",Standard,7693.9,154902.0,Spring,4,0.2598,good,medium,0.1559,0.0649,0.026,0.013
283,"Sabine Pass, LA","Dunkirk, France",Standard,6831.58,144810.0,Fall,10,0.2165,good,medium,0.1299,0.0541,0.0217,0.0108
284,"Sabine Pass, LA","Rotterdam, Netherlands",Standard,7037.63,154228.0,Summer,9,0.2018,good,medium,0.1211,0.0505,0.0202,0.0101
285,"Sabine Pass, LA","Zeebrugge, Belgium",Q-Flex,6712.6,216007.0,Summer,9,0.1706,excellent,medium,0.1024,0.0427,0.0171,0.0085
286,"Sabine Pass, LA","Swinoujscie, Poland",Q-Flex,7981.87,212825.0,Summer,7,0.234,good,medium,0.1404,0.0585,0.0234,0.0117
287,"Sabine Pass, LA","Dunkirk, France",Standard,6780.07,154517.0,Winter,3,0.2291,good,medium,0.1374,0.0573,0.0229,0.0115
288,"Sabine Pass, LA","Swinoujscie, Poland",Q-Flex,8003.0,201344.0,Spring,4,0.2601,satisfactory,medium,0.1561,0.065,0.026,0.013
289,"Sabine Pass, LA","Wilhelmshaven, Germany",Standard,7259.25,140593.0,Spring,4,0.2379,good,medium,0.1427,0.0595,0.0238,0.0119
290,"Sabine Pass, LA","Isle of Grain, UK",Standard,6268.82,153605.0,Fall,12,0.1885,good,low,0.1131,0.0471,0.0188,0.0094
291,"Sabine Pass, LA","Rotterdam, Netherlands",Q-Max,7045.7,265393.0,Spring,4,0.2024,good,medium,0.1214,0.0506,0.0202,0.0101
292,"Sabine Pass, LA","Barcelona, Spain",Standard,8041.44,144824.0,Fall,10,0.2771,satisfactory,medium,0.1663,0.0693,0.0277,0.0139
293,"Sabine Pass, LA","Rotterdam, Netherlands",Standard,6988.07,147459.0,Fall,11,0.2244,good,medium,0.1346,0.0561,0.0224,0.0112
294,"Sabine Pass, LA","Isle of Grain, UK",Standard,6330.28,144694.0,Summer,8,0.1666,excellent,low,0.0999,0.0416,0.0167,0.0083
295,"Sabine Pass, LA","Sines, Portugal",Q-Max,6006.25,254172.0,Fall,12,0.1503,excellent,low,0.0902,0.0376,0.015,0.0075
296,"Sabine Pass, LA","Fredericia, Denmark",Q-Max,7679.52,259117.0,Spring,6,0.2339,good,medium,0.1403,0.0585,0.0234,0.0117
297,"Sabine Pass, LA","Revithoussa, Greece",Q-Flex,8983.76,202860.0,Fall,12,0.3092,satisfactory,high,0.1855,0.0773,0.0309,0.0155
298,"Sabine Pass, LA","Zeebrugge, Belgium",Standard,6664.0,154359.0,Summer,8,0.1831,good,medium,0.1099,0.0458,0.0183,0.0092
299,"Sabine Pass, LA","Swinoujscie, Poland",Q-Max,7953.38,250102.0,Fall,11,0.2476,good,medium,0.1485,0.0619,0.0248,0.0124
300,"Sabine Pass, LA","Isle of Grain, UK",Q-Max,6320.72,255971.0,Spring,4,0.166,excellent,low,0.0996,0.0415,0.0166,0.0083
301,"Sabine Pass, LA","Marseille, France",Standard,8341.28,140251.0,Summer,8,0.2669,satisfactory,medium,0.1602,0.0667,0.0267,0.0133
302,"Sabine Pass, LA","Rotterdam, Netherlands",Q-Flex,7003.57,207320.0,Winter,1,0.2252,good,medium,0.1351,0.0563,0.0225,0.0113
303,"Sabine Pass, LA","Zeebrugge, Belgium",Q-Max,6660.7,253071.0,Summer,9,0.158,excellent,medium,0.0948,0.0395,0.0158,0.0079
304,"Sabine Pass, LA","Rotterdam, Netherlands",Q-Max,7029.49,257344.0,Spring,6,0.2016,good,medium,0.1209,0.0504,0.0202,0.0101
305,"Sabine Pass, LA","Rotterdam, Netherlands",Q-Max,7018.4,260398.0,Fall,11,0.201,good,medium,0.1206,0.0503,0.0201,0.0101
306,"Sabine Pass, LA","Fredericia, Denmark",Q-Max,7705.27,252742.0,Fall,11,0.2351,good,medium,0.1411,0.0588,0.0235,0.0118
307,"Sabine Pass, LA","Wilhelmshaven, Germany",Q-Max,7306.59,253676.0,Summer,9,0.1904,good,medium,0.1142,0.0476,0.019,0.0095
308,"Sabine Pass, LA","Marseille, France",Q-Max,8297.55,254486.0,Winter,2,0.2799,satisfactory,medium,0.168,0.07,0.028,0.014
309,"Sabine Pass, LA","Zeebrugge, Belgium",Q-Flex,6742.88,212788.0,Winter,1,0.2122,good,medium,0.1273,0.0531,0.0212,0.0106
310,"Sabine Pass, LA","Fredericia, Denmark",Q-Flex,7742.89,214441.0,Winter,3,0.2622,satisfactory,medium,0.1573,0.0655,0.0262,0.0131
311,"Sabine Pass, LA","Swinoujscie, Poland",Standard,7983.17,151182.0,Winter,3,0.2892,satisfactory,medium,0.1735,0.0723,0.0289,0.0145
312,"Sabine Pass, LA","Wilhelmshaven, Germany",Q-Flex,7255.37,213073.0,Spring,4,0.2228,good,medium,0.1337,0.0557,0.0223,0.0111
313,"Sabine Pass, LA","Fredericia, Denmark",Q-Flex,7746.89,207659.0,Winter,1,0.2624,satisfactory,medium,0.1574,0.0656,0.0262,0.0131
314,"Sabine Pass, LA","Swinoujscie, Poland",Q-Flex,8044.11,201457.0,Winter,3,0.2773,satisfactory,medium,0.1664,0.0693,0.0277,0.0139
315,"Sabine Pass, LA","Dunkirk, France",Q-Max,6821.31,261387.0,Spring,5,0.191,good,medium,0.1146,0.0477,0.0191,0.0095
316,"Sabine Pass, LA","Wilhelmshaven, Germany",Q-Max,7286.07,257116.0,Winter,1,0.2294,good,medium,0.1376,0.0574,0.0229,0.0115
317,"Sabine Pass, LA","Isle of Grain, UK",Q-Flex,6268.74,200446.0,Summer,9,0.15,excellent,low,0.09,0.0375,0.015,0.0075
318,"Sabine Pass, LA","Isle of Grain, UK",Q-Flex,6309.69,213246.0,Summer,7,0.1504,excellent,low,0.0902,0.0376,0.015,0.0075
319,"Sabine Pass, LA","Swinoujscie, Poland",Q-Max,8040.52,260965.0,Fall,10,0.252,good,medium,0.1512,0.063,0.0252,0.0126
320,"Sabine Pass, LA","Rotterdam, Netherlands",Q-Max,6999.31,256738.0,Winter,3,0.215,good,medium,0.129,0.0537,0.0215,0.0107
321,"Sabine Pass, LA","Rotterdam, Netherlands",Standard,7044.42,142032.0,Fall,11,0.2272,good,medium,0.1363,0.0568,0.0227,0.0114
322,"Sabine Pass, LA","Sines, Portugal",Q-Flex,6044.88,207484.0,Fall,10,0.1622,excellent,low,0.0973,0.0406,0.0162,0.0081
323,"Sabine Pass, LA","Revithoussa, Greece",Q-Max,9047.42,265156.0,Spring,5,0.3023,satisfactory,high,0.1814,0.0756,0.0302,0.0151
324,"Sabine Pass, LA","Fredericia, Denmark",Q-Flex,7746.87,209790.0,Fall,12,0.2474,good,medium,0.1484,0.0618,0.0247,0.0124
325,"Sabine Pass, LA","Fredericia, Denmark",Q-Flex,7678.03,210068.0,Spring,6,0.2438,good,medium,0.1463,0.061,0.0244,0.0122
326,"Sabine Pass, LA","Revithoussa, Greece",Q-Max,9026.76,261334.0,Fall,12,0.3013,satisfactory,high,0.1808,0.0753,0.0301,0.0151
327,"Sabine Pass, LA","Isle of Grain, UK",Q-Flex,6331.9,204114.0,Fall,11,0.1766,excellent,low,0.106,0.0441,0.0177,0.0088
328,"Sabine Pass, LA","Fredericia, Denmark",Q-Max,7728.91,257668.0,Summer,8,0.2115,good,medium,0.1269,0.0529,0.0212,0.0106
329,"Sabine Pass, LA","Fredericia, Denmark",Q-Flex,7704.36,210849.0,Fall,12,0.2453,good,medium,0.1472,0.0613,0.0245,0.0123
330,"Sabine Pass, LA","Dunkirk, France",Q-Flex,6815.76,216721.0,Winter,3,0.2158,good,medium,0.1295,0.054,0.0216,0.0108
331,"Sabine Pass, LA","Fredericia, Denmark",Q-Flex,7746.68,203774.0,Summer,7,0.2222,good,medium,0.1333,0.0556,0.0222,0.0111
332,"Sabine Pass, LA","Swinoujscie, Poland",Standard,8008.05,148829.0,Spring,4,0.2754,satisfactory,medium,0.1652,0.0688,0.0275,0.0138
333,"Sabine Pass, LA","Swinoujscie, Poland",Q-Max,7965.07,256656.0,Summer,8,0.2232,good,medium,0.1339,0.0558,0.0223,0.0112
334,"Sabine Pass, LA","Zeebrugge, Belgium",Q-Flex,6684.83,205921.0,Summer,8,0.1693,excellent,medium,0.1016,0.0423,0.0169,0.0085
335,"Sabine Pass, LA","Barcelona, Spain",Q-Flex,7981.89,214436.0,Winter,1,0.2742,satisfactory,medium,0.1645,0.0685,0.0274,0.0137
336,"Sabine Pass, LA","Revithoussa, Greece",Standard,9030.01,146396.0,Spring,4,0.32,satisfactory,high,0.192,0.08,0.032,0.016
337,"Sabine Pass, LA","Barcelona, Spain",Q-Flex,7973.19,207346.0,Fall,11,0.2586,good,medium,0.1551,0.0646,0.0259,0.0129
338,"Sabine Pass, LA","Marseille, France",Q-Flex,8338.31,203652.0,Fall,10,0.2769,satisfactory,medium,0.1661,0.0692,0.0277,0.0138
339,"Sabine Pass, LA","Isle of Grain, UK",Standard,6307.73,150061.0,Winter,3,0.2054,good,low,0.1232,0.0513,0.0205,0.0103
340,"Sabine Pass, LA","Barcelona, Spain",Standard,8002.77,145219.0,Spring,6,0.2752,satisfactory,medium,0.1651,0.0688,0.0275,0.0138
341,"Sabine Pass, LA","Barcelona, Spain",Standard,8011.74,150082.0,Fall,12,0.2757,satisfactory,medium,0.1654,0.0689,0.0276,0.0138
342,"Sabine Pass, LA","Wilhelmshaven, Germany",Q-Flex,7261.79,208684.0,Winter,2,0.238,good,medium,0.1428,0.0595,0.0238,0.0119
343,"Sabine Pass, LA","Zeebrugge, Belgium",Q-Flex,6707.48,215626.0,Winter,3,0.2104,good,medium,0.1262,0.0526,0.021,0.0105
344,"Sabine Pass, LA","Zeebrugge, Belgium",Q-Flex,6705.49,207667.0,Spring,5,0.1952,good,medium,0.1171,0.0488,0.0195,0.0098
345,"Sabine Pass, LA","Wilhelmshaven, Germany",Q-Flex,7345.18,209547.0,Winter,3,0.2422,good,medium,0.1453,0.0605,0.0242,0.0121
346,"Sabine Pass, LA","Fredericia, Denmark",Q-Flex,7718.47,201405.0,Fall,12,0.246,good,medium,0.1476,0.0615,0.0246,0.0123
347,"Sabine Pass, LA","Dunkirk, France",Q-Flex,6779.21,207774.0,Spring,4,0.199,good,medium,0.1194,0.0497,0.0199,0.0099
348,"Sabine Pass, LA","Barcelona, Spain",Q-Max,8004.97,262402.0,Fall,10,0.2502,good,medium,0.1501,0.0625,0.025,0.0125
349,"Sabine Pass, LA","Sines, Portugal",Q-Flex,6026.0,212512.0,Summer,9,0.15,excellent,low,0.09,0.0375,0.015,0.0075
350,"Sabine Pass, LA","Dunkirk, France",Q-Max,6779.77,263795.0,Summer,8,0.1639,excellent,medium,0.0984,0.041,0.0164,0.0082
351,"Sabine Pass, LA","Isle of Grain, UK",Q-Max,6327.56,259407.0,Spring,4,0.1664,excellent,low,0.0999,0.0416,0.0166,0.0083
352,"Sabine Pass, LA","Revithoussa, Greece",Standard,8992.82,148551.0,Winter,3,0.32,satisfactory,high,0.192,0.08,0.032,0.016
353,"Sabine Pass, LA","Swinoujscie, Poland",Standard,7978.11,144010.0,Winter,3,0.2889,satisfactory,medium,0.1733,0.0722,0.0289,0.0144
354,"Sabine Pass, LA","Swinoujscie, Poland",Standard,8048.55,140889.0,Winter,2,0.2923,satisfactory,medium,0.1754,0.0731,0.0292,0.0146
355,"Sabine Pass, LA","Rotterdam, Netherlands",Q-Max,7036.7,253995.0,Fall,12,0.2019,good,medium,0.1211,0.0505,0.0202,0.0101
356,"Sabine Pass, LA","Revithoussa, Greece",Q-Max,8989.27,260045.0,Fall,10,0.2995,satisfactory,high,0.1797,0.0749,0.03,0.015
357,"Sabine Pass, LA","Isle of Grain, UK",Standard,6290.29,147321.0,Spring,5,0.1896,good,low,0.1137,0.0474,0.019,0.0095
358,"Sabine Pass, LA","Marseille, France",Standard,8250.25,145373.0,Winter,2,0.3026,satisfactory,medium,0.1815,0.0756,0.0303,0.0151
359,"Sabine Pass, LA","Isle of Grain, UK",Q-Flex,6329.57,208410.0,Spring,4,0.1766,excellent,low,0.1059,0.0441,0.0177,0.0088
360,"Sabine Pass, LA","Rotterdam, Netherlands",Standard,6983.78,150238.0,Winter,3,0.2392,good,medium,0.1435,0.0598,0.0239,0.012
361,"Sabine Pass, LA","Sines, Portugal",Standard,5954.59,146848.0,Summer,8,0.15,excellent,low,0.09,0.0375,0.015,0.0075
362,"Sabine Pass, LA","Fredericia, Denmark",Standard,7670.23,153149.0,Winter,3,0.2736,satisfactory,medium,0.1642,0.0684,0.0274,0.0137
363,"Sabine Pass, LA","Isle of Grain, UK",Q-Flex,6315.46,202814.0,Winter,2,0.1907,good,low,0.1144,0.0477,0.0191,0.0095
364,"Sabine Pass, LA","Rotterdam, Netherlands",Q-Max,7022.6,261259.0,Summer,7,0.1762,excellent,medium,0.1057,0.044,0.0176,0.0088
365,"Sabine Pass, LA","Zeebrugge, Belgium",Standard,6709.37,141809.0,Fall,11,0.2105,good,medium,0.1263,0.0526,0.021,0.0105
366,"Sabine Pass, LA","Fredericia, Denmark",Q-Flex,7719.4,213701.0,Winter,2,0.2609,satisfactory,medium,0.1565,0.0652,0.0261,0.013
367,"Sabine Pass, LA","Wilhelmshaven, Germany",Q-Max,7338.1,262051.0,Summer,7,0.192,good,medium,0.1152,0.048,0.0192,0.0096
368,"Sabine Pass, LA","Zeebrugge, Belgium",Standard,6656.84,143196.0,Winter,1,0.2229,good,medium,0.1337,0.0557,0.0223,0.0111
369,"Sabine Pass, LA","Zeebrugge, Belgium",Standard,6741.99,142100.0,Fall,11,0.2121,good,medium,0.1273,0.053,0.0212,0.0106
370,"Sabine Pass, LA","Isle of Grain, UK",Q-Flex,6308.96,202377.0,Spring,6,0.1755,excellent,low,0.1053,0.0439,0.0176,0.0088
371,"Sabine Pass, LA","Isle of Grain, UK",Standard,6274.82,140402.0,Fall,10,0.1888,good,low,0.1133,0.0472,0.0189,0.0094
372,"Sabine Pass, LA","Revithoussa, Greece",Q-Max,9037.58,253018.0,Summer,9,0.2769,satisfactory,high,0.1661,0.0692,0.0277,0.0138
373,"Sabine Pass, LA","Dunkirk, France",Q-Max,6799.49,259503.0,Spring,4,0.19,good,medium,0.114,0.0475,0.019,0.0095
374,"Sabine Pass, LA","Wilhelmshaven, Germany",Q-Max,7343.39,259094.0,Summer,7,0.1922,good,medium,0.1153,0.0481,0.0192,0.0096
375,"Sabine Pass, LA","Barcelona, Spain",Q-Max,8045.45,250221.0,Winter,1,0.2673,satisfactory,medium,0.1604,0.0668,0.0267,0.0134
376,"Sabine Pass, LA","Fredericia, Denmark",Standard,7700.66,141236.0,Fall,12,0.26,satisfactory,medium,0.156,0.065,0.026,0.013
377,"Sabine Pass, LA","Swinoujscie, Poland",Q-Max,8003.77,251264.0,Spring,5,0.2501,good,medium,0.1501,0.0625,0.025,0.0125
378,"Sabine Pass, LA","Zeebrugge, Belgium",Q-Flex,6703.64,211578.0,Fall,10,0.1952,good,medium,0.1171,0.0488,0.0195,0.0098
379,"Sabine Pass, LA","Fredericia, Denmark",Q-Max,7723.0,264794.0,Winter,1,0.2511,good,medium,0.1507,0.0628,0.0251,0.0126
380,"Sabine Pass, LA","Sines, Portugal",Standard,5980.93,150522.0,Fall,11,0.1741,excellent,low,0.1045,0.0435,0.0174,0.0087
381,"Sabine Pass, LA","Zeebrugge, Belgium",Q-Flex,6699.64,204407.0,Summer,9,0.17,excellent,medium,0.102,0.0425,0.017,0.0085
382,"Sabine Pass, LA","Rotterdam, Netherlands",Q-Max,7023.29,256869.0,Winter,1,0.2161,good,medium,0.1297,0.054,0.0216,0.0108
383,"Sabine Pass, LA","Marseille, France",Q-Flex,8312.75,214609.0,Summer,8,0.2506,good,medium,0.1504,0.0627,0.0251,0.0125
384,"Sabine Pass, LA","Zeebrugge, Belgium",Q-Max,6675.51,251845.0,Fall,10,0.1838,good,medium,0.1103,0.046,0.0184,0.0092
385,"Sabine Pass, LA","Sines, Portugal",Q-Flex,5974.46,215830.0,Spring,6,0.1587,excellent,low,0.0952,0.0397,0.0159,0.0079
386,"Sabine Pass, LA","Swinoujscie, Poland",Standard,8030.31,153738.0,Fall,12,0.2766,satisfactory,medium,0.1659,0.0691,0.0277,0.0138
387,"Sabine Pass, LA","Wilhelmshaven, Germany",Q-Max,7277.13,258033.0,Fall,10,0.2138,good,medium,0.1283,0.0535,0.0214,0.0107
388,"Sabine Pass, LA","Swinoujscie, Poland",Q-Flex,8048.14,213150.0,Winter,2,0.2775,satisfactory,medium,0.1665,0.0694,0.0278,0.0139
389,"Sabine Pass, LA","Isle of Grain, UK",Q-Max,6305.31,259021.0,Spring,6,0.1652,excellent,low,0.0991,0.0413,0.0165,0.0083
390,"Sabine Pass, LA","Barcelona, Spain",Q-Flex,7986.83,213532.0,Spring,4,0.2594,good,medium,0.1556,0.0649,0.0259,0.013
391,"Sabine Pass, LA","Fredericia, Denmark",Standard,7652.39,145025.0,Spring,6,0.2577,good,medium,0.1546,0.0644,0.0258,0.0129
392,"Sabine Pass, LA","Revithoussa, Greece",Standard,8987.63,146297.0,Fall,12,0.32,satisfactory,high,0.192,0.08,0.032,0.016
393,"Sabine Pass, LA","Sines, Portugal",Q-Max,6047.26,250702.0,Fall,12,0.1523,excellent,low,0.0914,0.0381,0.0152,0.0076
394,"Sabine Pass, LA","Fredericia, Denmark",Q-Flex,7720.08,201625.0,Summer,8,0.2211,good,medium,0.1327,0.0553,0.0221,0.0111
395,"Sabine Pass, LA","Fredericia, Denmark",Standard,7657.48,143915.0,Winter,1,0.2729,satisfactory,medium,0.1637,0.0682,0.0273,0.0136
396,"Sabine Pass, LA","Wilhelmshaven, Germany",Q-Flex,7342.6,207697.0,Fall,12,0.2272,good,medium,0.1363,0.0568,0.0227,0.0114
397,"Sabine Pass, LA","Dunkirk, France",Standard,6763.61,146098.0,Winter,2,0.2281,good,medium,0.1369,0.057,0.0228,0.0114
398,"Sabine Pass, LA","Swinoujscie, Poland",Q-Max,7985.83,254240.0,Summer,8,0.2242,good,medium,0.1345,0.0561,0.0224,0.0112
399,"Sabine Pass, LA","Revithoussa, Greece",Standard,8980.42,142225.0,Fall,12,0.32,satisfactory,high,0.192,0.08,0.032,0.016
400,"Sabine Pass, LA","Dunkirk, France",Q-Flex,6846.84,213942.0,Summer,9,0.1773,excellent,medium,0.1064,0.0443,0.0177,0.0089
401,"Sabine Pass, LA","Fredericia, Denmark",Standard,7735.46,151907.0,Fall,12,0.2618,satisfactory,medium,0.1571,0.0654,0.0262,0.0131
402,"Sabine Pass, LA","Isle of Grain, UK",Q-Max,6251.2,256409.0,Winter,3,0.1775,excellent,low,0.1065,0.0444,0.0178,0.0089
403,"Sabine Pass, LA","Isle of Grain, UK",Q-Flex,6308.23,215342.0,Winter,2,0.1903,good,low,0.1142,0.0476,0.019,0.0095
404,"Sabine Pass, LA","Zeebrugge, Belgium",Q-Flex,6659.2,202856.0,Winter,2,0.2079,good,medium,0.1247,0.052,0.0208,0.0104
405,"Sabine Pass, LA","Fredericia, Denmark",Q-Flex,7699.61,215441.0,Fall,11,0.245,good,medium,0.147,0.0612,0.0245,0.0122
406,"Sabine Pass, LA","Barcelona, Spain",Q-Max,8038.34,253933.0,Fall,10,0.2519,good,medium,0.1512,0.063,0.0252,0.0126
407,"Sabine Pass, LA","Swinoujscie, Poland",Q-Max,7997.9,256708.0,Spring,5,0.2499,good,medium,0.1499,0.0625,0.025,0.0125
408,"Sabine Pass, LA","Dunkirk, France",Standard,6813.08,148168.0,Winter,1,0.2308,good,medium,0.1385,0.0577,0.0231,0.0115
409,"Sabine Pass, LA","Barcelona, Spain",Standard,7984.4,148957.0,Summer,9,0.2492,good,medium,0.1495,0.0623,0.0249,0.0125
410,"Sabine Pass, LA","Sines, Portugal",Q-Flex,6039.58,206076.0,Winter,1,0.177,excellent,low,0.1062,0.0443,0.0177,0.0089
411,"Sabine Pass, LA","Dunkirk, France",Q-Max,6847.4,254264.0,Spring,4,0.1924,good,medium,0.1154,0.0481,0.0192,0.0096
412,"Sabine Pass, LA","Sines, Portugal",Q-Max,6026.4,262758.0,Fall,10,0.1514,excellent,low,0.0908,0.0378,0.0151,0.0076
413,"Sabine Pass, LA","Zeebrugge, Belgium",Standard,6667.61,140423.0,Spring,6,0.2084,good,medium,0.1251,0.0521,0.0208,0.0104
414,"Sabine Pass, LA","Wilhelmshaven, Germany",Standard,7344.76,153224.0,Winter,3,0.2573,good,medium,0.1544,0.0643,0.0257,0.0129
415,"Sabine Pass, LA","Barcelona, Spain",Q-Max,8004.21,250899.0,Summer,8,0.2251,good,medium,0.1351,0.0563,0.0225,0.0113
416,"Sabine Pass, LA","Barcelona, Spain",Standard,7950.07,152036.0,Spring,4,0.2726,satisfactory,medium,0.1636,0.0681,0.0273,0.0136
417,"Sabine Pass, LA","Wilhelmshaven, Germany",Q-Max,7255.96,252266.0,Fall,10,0.2128,good,medium,0.1277,0.0532,0.0213,0.0106
418,"Sabine Pass, LA","Wilhelmshaven, Germany",Q-Flex,7346.06,201718.0,Fall,12,0.2274,good,medium,0.1364,0.0569,0.0227,0.0114
419,"Sabine Pass, LA","Zeebrugge, Belgium",Standard,6747.59,142613.0,Summer,7,0.1874,good,medium,0.1125,0.0469,0.0187,0.0094
420,"Sabine Pass, LA","Swinoujscie, Poland",Standard,8019.36,144602.0,Spring,6,0.2759,satisfactory,medium,0.1655,0.069,0.0276,0.0138
421,"Sabine Pass, LA","Rotterdam, Netherlands",Standard,6962.73,154914.0,Winter,1,0.2382,good,medium,0.1429,0.0596,0.0238,0.0119
422,"Sabine Pass, LA","Marseille, France",Standard,8253.24,148483.0,Spring,6,0.2878,satisfactory,medium,0.1727,0.0719,0.0288,0.0144
423,"Sabine Pass, LA","Barcelona, Spain",Standard,7964.06,153280.0,Winter,2,0.2881,satisfactory,medium,0.1729,0.072,0.0288,0.0144
424,"Sabine Pass, LA","Isle of Grain, UK",Standard,6332.17,143145.0,Fall,11,0.1917,good,low,0.115,0.0479,0.0192,0.0096
425,"Sabine Pass, LA","Isle of Grain, UK",Q-Max,6285.05,256175.0,Fall,12,0.1642,excellent,low,0.0985,0.041,0.0164,0.0082
426,"Sabine Pass, LA","Fredericia, Denmark",Q-Flex,7699.31,208151.0,Spring,6,0.245,good,medium,0.147,0.0612,0.0245,0.0122
427,"Sabine Pass, LA","Revithoussa, Greece",Q-Max,9025.82,262787.0,Winter,3,0.3163,satisfactory,high,0.1898,0.0791,0.0316,0.0158
428,"Sabine Pass, LA","Rotterdam, Netherlands",Q-Max,7045.17,256007.0,Spring,6,0.2022,good,medium,0.1213,0.0505,0.0202,0.0101
429,"Sabine Pass, LA","Isle of Grain, UK",Standard,6283.8,149110.0,Summer,8,0.1642,excellent,low,0.0985,0.0411,0.0164,0.0082
430,"Sabine Pass, LA","Fredericia, Denmark",Q-Max,7665.71,253040.0,Spring,6,0.2332,good,medium,0.1399,0.0583,0.0233,0.0117
431,"Sabine Pass, LA","Swinoujscie, Poland",Q-Flex,7976.53,209720.0,Spring,5,0.2588,good,medium,0.1553,0.0647,0.0259,0.0129
432,"Sabine Pass, LA","Zeebrugge, Belgium",Q-Max,6655.45,263182.0,Summer,7,0.1577,excellent,medium,0.0946,0.0394,0.0158,0.0079
433,"Sabine Pass, LA","Isle of Grain, UK",Q-Max,6252.57,251311.0,Fall,11,0.1626,excellent,low,0.0976,0.0406,0.0163,0.0081
434,"Sabine Pass, LA","Fredericia, Denmark",Standard,7697.09,153282.0,Spring,5,0.2597,good,medium,0.1558,0.0649,0.026,0.013
435,"Sabine Pass, LA","Wilhelmshaven, Germany",Q-Max,7268.66,254214.0,Spring,5,0.2134,good,medium,0.1281,0.0534,0.0213,0.0107
436,"Sabine Pass, LA","Zeebrugge, Belgium",Standard,6725.22,154561.0,Winter,2,0.2262,good,medium,0.1357,0.0565,0.0226,0.0113
437,"Sabine Pass, LA","Marseille, France",Q-Max,8272.75,256698.0,Summer,7,0.2387,good,medium,0.1432,0.0597,0.0239,0.0119
438,"Sabine Pass, LA","Barcelona, Spain",Q-Max,8007.27,256317.0,Summer,8,0.2253,good,medium,0.1352,0.0563,0.0225,0.0113
439,"Sabine Pass, LA","Marseille, France",Standard,8340.05,146736.0,Fall,11,0.2921,satisfactory,medium,0.1753,0.073,0.0292,0.0146
440,"Sabine Pass, LA","Zeebrugge, Belgium",Q-Max,6747.22,251254.0,Winter,3,0.2023,good,medium,0.1214,0.0506,0.0202,0.0101
441,"Sabine Pass, LA","Revithoussa, Greece",Standard,8964.79,141305.0,Spring,5,0.32,satisfactory,high,0.192,0.08,0.032,0.016
442,"Sabine Pass, LA","Swinoujscie, Poland",Q-Flex,7989.74,200210.0,Spring,5,0.2595,good,medium,0.1557,0.0649,0.0259,0.013
443,"Sabine Pass, LA","Marseille, France",Q-Flex,8302.26,209995.0,Winter,2,0.2901,satisfactory,medium,0.1741,0.0725,0.029,0.0145
444,"Sabine Pass, LA","Isle of Grain, UK",Standard,6342.49,153168.0,Winter,2,0.2072,good,low,0.1243,0.0518,0.0207,0.0104
445,"Sabine Pass, LA","Rotterdam, Netherlands",Q-Flex,6988.3,204682.0,Fall,10,0.2094,good,medium,0.1257,0.0524,0.0209,0.0105
446,"Sabine Pass, LA","Marseille, France",Q-Flex,8318.08,211739.0,Winter,1,0.2909,satisfactory,medium,0.1745,0.0727,0.0291,0.0145
447,"Sabine Pass, LA","Barcelona, Spain",Q-Flex,8042.08,205286.0,Winter,1,0.2771,satisfactory,medium,0.1662,0.0693,0.0277,0.0139
448,"Sabine Pass, LA","Revithoussa, Greece",Q-Max,8959.82,261900.0,Winter,3,0.3129,satisfactory,high,0.1878,0.0782,0.0313,0.0156
449,"Sabine Pass, LA","Fredericia, Denmark",Q-Max,7710.5,264615.0,Spring,4,0.2355,good,medium,0.1413,0.0589,0.0236,0.0118
450,"Sabine Pass, LA","Swinoujscie, Poland",Q-Max,8036.72,251050.0,Summer,9,0.2269,good,medium,0.1361,0.0567,0.0227,0.0113
451,"Sabine Pass, LA","Swinoujscie, Poland",Q-Max,8037.93,263327.0,Winter,3,0.2668,satisfactory,medium,0.1601,0.0667,0.0267,0.0133
452,"Sabine Pass, LA","Barcelona, Spain",Q-Flex,7955.06,207892.0,Fall,12,0.2577,good,medium,0.1546,0.0644,0.0258,0.0129
453,"Sabine Pass, LA","Isle of Grain, UK",Q-Max,6318.12,257138.0,Spring,6,0.1659,excellent,low,0.0995,0.0415,0.0166,0.0083
454,"Sabine Pass, LA","Swinoujscie, Poland",Q-Max,7984.98,261022.0,Spring,5,0.2493,good,medium,0.1496,0.0623,0.0249,0.0125
455,"Sabine Pass, LA","Zeebrugge, Belgium",Q-Max,6735.38,260843.0,Spring,4,0.1868,good,medium,0.1121,0.0467,0.0187,0.0093
456,"Sabine Pass, LA","Sines, Portugal",Standard,6036.46,152013.0,Winter,1,0.1918,good,low,0.1151,0.048,0.0192,0.0096
457,"Sabine Pass, LA","Dunkirk, France",Q-Flex,6775.24,207205.0,Fall,12,0.1989,good,medium,0.1193,0.0497,0.0199,0.0099
458,"Sabine Pass, LA","Wilhelmshaven, Germany",Q-Max,7295.9,258330.0,Summer,8,0.1898,good,medium,0.1139,0.0474,0.019,0.0095
459,"Sabine Pass, LA","Sines, Portugal",Standard,6001.15,150266.0,Spring,6,0.1751,excellent,low,0.105,0.0438,0.0175,0.0088
460,"Sabine Pass, LA","Barcelona, Spain",Q-Flex,7956.38,211154.0,Fall,11,0.2578,good,medium,0.1547,0.0644,0.0258,0.0129
461,"Sabine Pass, LA","Revithoussa, Greece",Q-Max,8979.88,264395.0,Summer,9,0.2741,satisfactory,high,0.1644,0.0685,0.0274,0.0137
462,"Sabine Pass, LA","Marseille, France",Q-Flex,8290.41,208455.0,Fall,11,0.2744,satisfactory,medium,0.1647,0.0686,0.0274,0.0137
463,"Sabine Pass, LA","Fredericia, Denmark",Standard,7690.46,145148.0,Winter,1,0.2745,satisfactory,medium,0.1647,0.0686,0.0275,0.0137
464,"Sabine Pass, LA","Dunkirk, France",Standard,6818.63,152681.0,Summer,8,0.191,good,medium,0.1146,0.0478,0.0191,0.0096
465,"Sabine Pass, LA","Revithoussa, Greece",Q-Max,9037.65,252047.0,Spring,5,0.3018,satisfactory,high,0.1811,0.0754,0.0302,0.0151
466,"Sabine Pass, LA","Zeebrugge, Belgium",Q-Flex,6744.69,212652.0,Fall,11,0.1972,good,medium,0.1183,0.0493,0.0197,0.0099
467,"Sabine Pass, LA","Wilhelmshaven, Germany",Standard,7287.17,149516.0,Spring,5,0.2393,good,medium,0.1436,0.0598,0.0239,0.012
468,"Sabine Pass, LA","Marseille, France",Q-Max,8344.43,258008.0,Summer,8,0.2423,good,medium,0.1454,0.0606,0.0242,0.0121
469,"Sabine Pass, LA","Rotterdam, Netherlands",Q-Max,6991.31,255483.0,Winter,3,0.2147,good,medium,0.1288,0.0537,0.0215,0.0107
470,"Sabine Pass, LA","Barcelona, Spain",Standard,7964.32,142652.0,Winter,3,0.2883,satisfactory,medium,0.173,0.0721,0.0288,0.0144
471,"Sabine Pass, LA","Revithoussa, Greece",Q-Flex,8955.8,209797.0,Spring,5,0.3077,satisfactory,high,0.1846,0.0769,0.0308,0.0154
472,"Sabine Pass, LA","Isle of Grain, UK",Q-Flex,6262.94,208116.0,Fall,11,0.1731,excellent,low,0.1039,0.0433,0.0173,0.0087
473,"Sabine Pass, LA","Swinoujscie, Poland",Q-Flex,7969.94,209028.0,Winter,1,0.2736,satisfactory,medium,0.1642,0.0684,0.0274,0.0137
474,"Sabine Pass, LA","Sines, Portugal",Q-Max,6012.67,255510.0,Spring,4,0.1507,excellent,low,0.0904,0.0377,0.0151,0.0075
475,"Sabine Pass, LA","Marseille, France",Q-Max,8280.61,254653.0,Winter,1,0.279,satisfactory,medium,0.1674,0.0697,0.0279,0.0139
476,"Sabine Pass, LA","Wilhelmshaven, Germany",Standard,7293.37,142826.0,Winter,3,0.2546,good,medium,0.1528,0.0637,0.0255,0.0127
477,"Sabine Pass, LA","Fredericia, Denmark",Q-Max,7651.91,253379.0,Fall,12,0.2327,good,medium,0.1396,0.0582,0.0233,0.0116
478,"Sabine Pass, LA","Isle of Grain, UK",Standard,6286.66,149347.0,Winter,1,0.2043,good,low,0.1226,0.0511,0.0204,0.0102
479,"Sabine Pass, LA","Marseille, France",Standard,8349.47,146252.0,Winter,2,0.3075,satisfactory,medium,0.1845,0.0769,0.0308,0.0154
480,"Sabine Pass, LA","Fredericia, Denmark",Q-Flex,7662.36,211658.0,Summer,8,0.2182,good,medium,0.1309,0.0545,0.0218,0.0109
481,"Sabine Pass, LA","Fredericia, Denmark",Standard,7716.17,152460.0,Summer,9,0.2358,good,medium,0.1415,0.0589,0.0236,0.0118
482,"Sabine Pass, LA","Isle of Grain, UK",Standard,6301.16,149135.0,Winter,2,0.205,good,low,0.123,0.0513,0.0205,0.0103
483,"Sabine Pass, LA","Rotterdam, Netherlands",Q-Max,7033.15,254726.0,Spring,6,0.2017,good,medium,0.121,0.0504,0.0202,0.0101
484,"Sabine Pass, LA","Dunkirk, France",Q-Flex,6818.82,201513.0,Spring,6,0.2009,good,medium,0.1205,0.0502,0.0201,0.01
485,"Sabine Pass, LA","Marseille, France",Q-Max,8316.9,251201.0,Winter,2,0.2809,satisfactory,medium,0.1686,0.0702,0.0281,0.014
486,"Sabine Pass, LA","Revithoussa, Greece",Q-Flex,8973.12,202970.0,Spring,5,0.3086,satisfactory,high,0.1852,0.0772,0.0309,0.0154
487,"Sabine Pass, LA","Rotterdam, Netherlands",Standard,6986.02,153354.0,Spring,6,0.2243,good,medium,0.1346,0.0561,0.0224,0.0112
488,"Sabine Pass, LA","Sines, Portugal",Standard,6035.2,149327.0,Fall,11,0.1767,excellent,low,0.106,0.0442,0.0177,0.0088
489,"Sabine Pass, LA","Isle of Grain, UK",Q-Flex,6287.26,207761.0,Winter,3,0.1893,good,low,0.1136,0.0473,0.0189,0.0095
490,"Sabine Pass, LA","Barcelona, Spain",Standard,8029.99,154137.0,Winter,3,0.2914,satisfactory,medium,0.1748,0.0728,0.0291,0.0146
491,"Sabine Pass, LA","Zeebrugge, Belgium",Standard,6660.37,145696.0,Summer,8,0.1831,good,medium,0.1098,0.0458,0.0183,0.0092
492,"Sabine Pass, LA","Wilhelmshaven, Germany",Standard,7311.14,141694.0,Fall,12,0.2407,good,medium,0.1444,0.0602,0.0241,0.012
493,"Sabine Pass, LA","Fredericia, Denmark",Q-Max,7694.07,250198.0,Spring,5,0.2347,good,medium,0.1408,0.0587,0.0235,0.0117
494,"Sabine Pass, LA","Marseille, France",Q-Max,8322.38,258306.0,Fall,11,0.2662,satisfactory,medium,0.1597,0.0666,0.0266,0.0133
495,"Sabine Pass, LA","Fredericia, Denmark",Q-Max,7716.17,260821.0,Summer,8,0.2108,good,medium,0.1265,0.0527,0.0211,0.0105
496,"Sabine Pass, LA","Swinoujscie, Poland",Standard,8039.21,147039.0,Winter,1,0.2918,satisfactory,medium,0.1751,0.073,0.0292,0.0146
497,"Sabine Pass, LA","Barcelona, Spain",Q-Max,8036.94,255294.0,Summer,8,0.2268,good,medium,0.1361,0.0567,0.0227,0.0113
498,"Sabine Pass, LA","Swinoujscie, Poland",Q-Flex,8014.33,209742.0,Spring,4,0.2606,satisfactory,medium,0.1564,0.0652,0.0261,0.013
499,"Sabine Pass, LA","Barcelona, Spain",Q-Max,7994.71,250284.0,Summer,8,0.2248,good,medium,0.1349,0.0562,0.0225,0.0112
500,"Sabine Pass, LA","Swinoujscie, Poland",Q-Max,7950.02,260201.0,Fall,10,0.2476,good,medium,0.1486,0.0619,0.0248,0.0124
501,"Sabine Pass, LA","Revithoussa, Greece",Q-Flex,9017.15,214353.0,Spring,6,0.311,satisfactory,high,0.1866,0.0777,0.0311,0.0155
502,"Sabine Pass, LA","Marseille, France",Standard,8310.0,149884.0,Fall,11,0.2905,satisfactory,medium,0.1743,0.0726,0.029,0.0145
503,"Sabine Pass, LA","Sines, Portugal",Standard,5984.14,153453.0,Spring,5,0.1742,excellent,low,0.1045,0.0436,0.0174,0.0087
504,"Sabine Pass, LA","Barcelona, Spain",Standard,7964.04,142813.0,Fall,12,0.2733,satisfactory,medium,0.164,0.0683,0.0273,0.0137
505,"Sabine Pass, LA","Fredericia, Denmark",Q-Max,7671.56,262114.0,Fall,12,0.2335,good,medium,0.1401,0.0584,0.0234,0.0117
506,"Sabine Pass, LA","Revithoussa, Greece",Q-Flex,9008.88,202289.0,Summer,8,0.2855,satisfactory,high,0.1713,0.0714,0.0285,0.0143
507,"Sabine Pass, LA","Swinoujscie, Poland",Standard,8023.62,153817.0,Summer,7,0.2513,good,medium,0.1508,0.0628,0.0251,0.0126
508,"Sabine Pass, LA","Zeebrugge, Belgium",Q-Max,6719.18,251657.0,Fall,12,0.186,good,medium,0.1116,0.0465,0.0186,0.0093
509,"Sabine Pass, LA","Wilhelmshaven, Germany",Q-Flex,7300.41,212960.0,Summer,7,0.2001,good,medium,0.1201,0.05,0.02,0.01
510,"Sabine Pass, LA","Wilhelmshaven, Germany",Q-Flex,7347.05,215069.0,Winter,3,0.2423,good,medium,0.1454,0.0606,0.0242,0.0121
511,"Sabine Pass, LA","Swinoujscie, Poland",Standard,8036.07,149363.0,Fall,12,0.2769,satisfactory,medium,0.1662,0.0692,0.0277,0.0138
512,"Sabine Pass, LA","Rotterdam, Netherlands",Standard,7018.66,147558.0,Winter,3,0.241,good,medium,0.1446,0.0603,0.0241,0.0121
513,"Sabine Pass, LA","Revithoussa, Greece",Q-Max,8982.24,259325.0,Spring,6,0.2991,satisfactory,high,0.1795,0.0748,0.0299,0.015
514,"Sabine Pass, LA","Revithoussa, Greece",Standard,9024.79,141597.0,Spring,5,0.32,satisfactory,high,0.192,0.08,0.032,0.016
515,"Sabine Pass, LA","Fredericia, Denmark",Standard,7664.53,144299.0,Winter,1,0.2731,satisfactory,medium,0.1639,0.0683,0.0273,0.0137
516,"Sabine Pass, LA","Rotterdam, Netherlands",Q-Max,6964.64,253264.0,Fall,12,0.1983,good,medium,0.119,0.0496,0.0198,0.0099
517,"Sabine Pass, LA","Barcelona, Spain",Standard,7960.25,145833.0,Fall,12,0.273,satisfactory,medium,0.1638,0.0683,0.0273,0.0137
518,"Sabine Pass, LA","Swinoujscie, Poland",Standard,8028.43,146248.0,Spring,5,0.2765,satisfactory,medium,0.1659,0.0691,0.0276,0.0138
519,"Sabine Pass, LA","Revithoussa, Greece",Standard,8981.27,151714.0,Winter,1,0.32,satisfactory,high,0.192,0.08,0.032,0.016
520,"Sabine Pass, LA","Barcelona, Spain",Standard,8033.0,151077.0,Fall,12,0.2767,satisfactory,medium,0.166,0.0692,0.0277,0.0138
521,"Sabine Pass, LA","Dunkirk, France",Q-Max,6827.61,265735.0,Spring,5,0.1914,good,medium,0.1148,0.0478,0.0191,0.0096
522,"Sabine Pass, LA","Swinoujscie, Poland",Q-Max,7961.94,254228.0,Summer,7,0.223,good,medium,0.1338,0.0558,0.0223,0.0112
523,"Sabine Pass, LA","Sines, Portugal",Standard,5983.06,151605.0,Winter,3,0.1891,good,low,0.1134,0.0473,0.0189,0.0095
524,"Sabine Pass, LA","Revithoussa, Greece",Standard,9011.56,151760.0,Spring,5,0.32,satisfactory,high,0.192,0.08,0.032,0.016
525,"Sabine Pass, LA","Wilhelmshaven, Germany",Q-Max,7302.54,258082.0,Summer,9,0.19,good,medium,0.114,0.0475,0.019,0.0095
526,"Sabine Pass, LA","Isle of Grain, UK",Q-Max,6284.94,255773.0,Fall,11,0.1642,excellent,low,0.0985,0.0411,0.0164,0.0082
527,"Sabine Pass, LA","Swinoujscie, Poland",Standard,7997.49,153567.0,Fall,11,0.2747,satisfactory,medium,0.1648,0.0687,0.0275,0.0137
528,"Sabine Pass, LA","Marseille, France",Q-Max,8341.86,255135.0,Winter,1,0.2821,satisfactory,medium,0.1693,0.0705,0.0282,0.0141
529,"Sabine Pass, LA","Fredericia, Denmark",Standard,7675.66,147715.0,Spring,5,0.2587,good,medium,0.1552,0.0647,0.0259,0.0129
530,"Sabine Pass, LA","Swinoujscie, Poland",Q-Max,7994.56,253080.0,Spring,5,0.2498,good,medium,0.1499,0.0625,0.025,0.0125
531,"Sabine Pass, LA","Zeebrugge, Belgium",Standard,6747.16,151604.0,Summer,9,0.1873,good,medium,0.1124,0.0468,0.0187,0.0094
532,"Sabine Pass, LA","Revithoussa, Greece",Q-Max,8992.42,261244.0,Spring,4,0.2996,satisfactory,high,0.1798,0.0749,0.03,0.015
533,"Sabine Pass, LA","Revithoussa, Greece",Q-Max,9031.68,250380.0,Fall,12,0.3016,satisfactory,high,0.181,0.0754,0.0302,0.0151
534,"Sabine Pass, LA","Isle of Grain, UK",Q-Flex,6255.43,215487.0,Summer,9,0.15,excellent,low,0.09,0.0375,0.015,0.0075
535,"Sabine Pass, LA","Barcelona, Spain",Q-Flex,8013.02,209092.0,Spring,6,0.2605,satisfactory,medium,0.1563,0.0651,0.0261,0.013
536,"Sabine Pass, LA","Marseille, France",Standard,8256.32,147543.0,Fall,10,0.2877,satisfactory,medium,0.1726,0.0719,0.0288,0.0144
537,"Sabine Pass, LA","Rotterdam, Netherlands",Q-Flex,7028.69,207440.0,Fall,10,0.2113,good,medium,0.1268,0.0528,0.0211,0.0106
538,"Sabine Pass, LA","Revithoussa, Greece",Q-Max,8953.08,261948.0,Summer,9,0.2726,satisfactory,high,0.1635,0.0681,0.0273,0.0136
539,"Sabine Pass, LA","Rotterdam, Netherlands",Q-Max,7046.01,264627.0,Spring,5,0.2023,good,medium,0.1214,0.0506,0.0202,0.0101
540,"Sabine Pass, LA","Wilhelmshaven, Germany",Q-Max,7345.74,252262.0,Summer,9,0.1924,good,medium,0.1154,0.0481,0.0192,0.0096
541,"Sabine Pass, LA","Fredericia, Denmark",Q-Max,7703.72,261863.0,Spring,5,0.2351,good,medium,0.1411,0.0588,0.0235,0.0118
542,"Sabine Pass, LA","Revithoussa, Greece",Q-Max,9035.15,259870.0,Winter,3,0.3167,satisfactory,high,0.19,0.0792,0.0317,0.0158
543,"Sabine Pass, LA","Revithoussa, Greece",Q-Max,9029.97,258795.0,Summer,9,0.2765,satisfactory,high,0.1659,0.0691,0.0276,0.0138
544,"Sabine Pass, LA","Isle of Grain, UK",Standard,6269.74,143518.0,Summer,8,0.1636,excellent,low,0.0981,0.0409,0.0164,0.0082
545,"Sabine Pass, LA","Rotterdam, Netherlands",Q-Max,7011.95,255254.0,Spring,6,0.2006,good,medium,0.1204,0.0501,0.0201,0.01
546,"Sabine Pass, LA","Zeebrugge, Belgium",Q-Flex,6706.56,205325.0,Spring,6,0.1954,good,medium,0.1173,0.0489,0.0195,0.0098
547,"Sabine Pass, LA","Revithoussa, Greece",Q-Flex,8993.61,208159.0,Winter,3,0.32,satisfactory,high,0.192,0.08,0.032,0.016
548,"Sabine Pass, LA","Rotterdam, Netherlands",Q-Max,6998.7,251312.0,Winter,3,0.215,good,medium,0.129,0.0537,0.0215,0.0107
549,"Sabine Pass, LA","Swinoujscie, Poland",Standard,7969.64,147608.0,Fall,11,0.2734,satisfactory,medium,0.164,0.0683,0.0273,0.0137
550,"Sabine Pass, LA","Sines, Portugal",Standard,6031.26,143909.0,Summer,7,0.1516,excellent,low,0.091,0.0379,0.0152,0.0076
551,"Sabine Pass, LA","Swinoujscie, Poland",Q-Max,7997.21,264263.0,Spring,6,0.2498,good,medium,0.1499,0.0625,0.025,0.0125
552,"Sabine Pass, LA","Zeebrugge, Belgium",Standard,6696.47,152720.0,Winter,2,0.2248,good,medium,0.1349,0.0562,0.0225,0.0112
553,"Sabine Pass, LA","Marseille, France",Standard,8318.42,149891.0,Winter,3,0.3059,satisfactory,medium,0.1835,0.0765,0.0306,0.0153
554,"Sabine Pass, LA","Zeebrugge, Belgium",Q-Flex,6723.59,203940.0,Spring,6,0.1961,good,medium,0.1177,0.049,0.0196,0.0098
555,"Sabine Pass, LA","Dunkirk, France",Q-Max,6754.28,255780.0,Summer,9,0.1628,excellent,medium,0.0977,0.0407,0.0163,0.0081
556,"Sabine Pass, LA","Sines, Portugal",Standard,5953.99,144102.0,Spring,6,0.1726,excellent,low,0.1036,0.0432,0.0173,0.0086
557,"Sabine Pass, LA","Rotterdam, Netherlands",Standard,7007.86,153473.0,Winter,3,0.2404,good,medium,0.1442,0.0601,0.024,0.012
558,"Sabine Pass, LA","Isle of Grain, UK",Q-Flex,6301.67,214751.0,Spring,4,0.1751,excellent,low,0.1051,0.0438,0.0175,0.0088
559,"Sabine Pass, LA","Barcelona, Spain",Q-Max,8038.72,257038.0,Summer,9,0.227,good,medium,0.1362,0.0568,0.0227,0.0114
560,"Sabine Pass, LA","Rotterdam, Netherlands",Q-Max,6971.15,261477.0,Winter,3,0.2135,good,medium,0.1281,0.0534,0.0214,0.0107
561,"Sabine Pass, LA","Wilhelmshaven, Germany",Q-Flex,7322.03,202741.0,Fall,11,0.2261,good,medium,0.1357,0.0565,0.0226,0.0113
562,"Sabine Pass, LA","Sines, Portugal",Q-Max,5974.37,252156.0,Fall,10,0.15,excellent,low,0.09,0.0375,0.015,0.0075
563,"Sabine Pass, LA","Zeebrugge, Belgium",Q-Flex,6655.59,216477.0,Winter,3,0.2078,good,medium,0.1247,0.0519,0.0208,0.0104
564,"Sabine Pass, LA","Revithoussa, Greece",Q-Max,9032.13,265884.0,Spring,4,0.3016,satisfactory,high,0.181,0.0754,0.0302,0.0151
565,"Sabine Pass, LA","Fredericia, Denmark",Standard,7710.08,150284.0,Winter,3,0.2755,satisfactory,medium,0.1653,0.0689,0.0276,0.0138
566,"Sabine Pass, LA","Barcelona, Spain",Q-Max,8009.65,252115.0,Spring,4,0.2505,good,medium,0.1503,0.0626,0.025,0.0125
567,"Sabine Pass, LA","Swinoujscie, Poland",Q-Max,8018.44,257614.0,Fall,10,0.2508,good,medium,0.1505,0.0627,0.0251,0.0125
568,"Sabine Pass, LA","Swinoujscie, Poland",Q-Max,8000.33,252085.0,Winter,2,0.265,satisfactory,medium,0.159,0.0663,0.0265,0.0133
569,"Sabine Pass, LA","Revithoussa, Greece",Standard,9014.92,143442.0,Summer,7,0.3007,satisfactory,high,0.1804,0.0752,0.0301,0.015
570,"Sabine Pass, LA","Barcelona, Spain",Q-Flex,8028.96,212946.0,Spring,6,0.2615,satisfactory,medium,0.1569,0.0654,0.0261,0.0131
571,"Sabine Pass, LA","Isle of Grain, UK",Q-Flex,6292.55,201425.0,Summer,8,0.15,excellent,low,0.09,0.0375,0.015,0.0075
572,"Sabine Pass, LA","Swinoujscie, Poland",Q-Max,7990.86,262631.0,Winter,1,0.2646,satisfactory,medium,0.1588,0.0661,0.0265,0.0132
573,"Sabine Pass, LA","Sines, Portugal",Q-Max,5987.5,256542.0,Fall,12,0.15,excellent,low,0.09,0.0375,0.015,0.0075
574,"Sabine Pass, LA","Marseille, France",Standard,8275.36,145962.0,Summer,7,0.2638,satisfactory,medium,0.1583,0.0659,0.0264,0.0132
575,"Sabine Pass, LA","Dunkirk, France",Standard,6791.32,154828.0,Summer,8,0.1895,good,medium,0.1137,0.0474,0.019,0.0095
576,"Sabine Pass, LA","Marseille, France",Standard,8284.44,151217.0,Summer,7,0.2643,satisfactory,medium,0.1586,0.0661,0.0264,0.0132
577,"Sabine Pass, LA","Barcelona, Spain",Q-Max,8028.31,256409.0,Winter,2,0.2663,satisfactory,medium,0.1598,0.0666,0.0266,0.0133
578,"Sabine Pass, LA","Revithoussa, Greece",Q-Max,9020.68,250085.0,Summer,7,0.2762,satisfactory,high,0.1657,0.069,0.0276,0.0138
579,"Sabine Pass, LA","Marseille, France",Q-Max,8293.54,251281.0,Spring,5,0.2646,satisfactory,medium,0.1588,0.0662,0.0265,0.0132
580,"Sabine Pass, LA","Fredericia, Denmark",Standard,7711.4,152303.0,Spring,5,0.2606,satisfactory,medium,0.1564,0.0652,0.0261,0.013
581,"Sabine Pass, LA","Revithoussa, Greece",Q-Max,8999.44,264892.0,Spring,4,0.3001,satisfactory,high,0.18,0.075,0.03,0.015
582,"Sabine Pass, LA","Marseille, France",Standard,8301.05,149825.0,Spring,4,0.2901,satisfactory,medium,0.1741,0.0725,0.029,0.0145
583,"Sabine Pass, LA","Zeebrugge, Belgium",Q-Flex,6658.68,209963.0,Summer,7,0.1679,excellent,medium,0.1007,0.042,0.0168,0.0084
584,"Sabine Pass, LA","Isle of Grain, UK",Standard,6341.92,145212.0,Spring,5,0.1921,good,low,0.1153,0.048,0.0192,0.0096
585,"Sabine Pass, LA","Rotterdam, Netherlands",Q-Max,6972.63,259199.0,Summer,8,0.1737,excellent,medium,0.1042,0.0434,0.0174,0.0087
586,"Sabine Pass, LA","Isle of Grain, UK",Standard,6305.86,143865.0,Spring,5,0.1903,good,low,0.1142,0.0476,0.019,0.0095
587,"Sabine Pass, LA","Swinoujscie, Poland",Standard,8031.31,151550.0,Spring,5,0.2766,satisfactory,medium,0.166,0.0692,0.0277,0.0138
588,"Sabine Pass, LA","Wilhelmshaven, Germany",Q-Flex,7346.12,200465.0,Fall,11,0.2273,good,medium,0.1364,0.0568,0.0227,0.0114
589,"Sabine Pass, LA","Isle of Grain, UK",Q-Max,6288.27,262803.0,Fall,11,0.1644,excellent,low,0.0987,0.0411,0.0164,0.0082
590,"Sabine Pass, LA","Swinoujscie, Poland",Q-Flex,7950.97,212729.0,Spring,4,0.2575,good,medium,0.1545,0.0644,0.0257,0.0129
591,"Sabine Pass, LA","Swinoujscie, Poland",Q-Flex,8043.14,204574.0,Spring,6,0.2621,satisfactory,medium,0.1573,0.0655,0.0262,0.0131
592,"Sabine Pass, LA","Revithoussa, Greece",Q-Max,9043.03,253758.0,Summer,8,0.2772,satisfactory,high,0.1663,0.0693,0.0277,0.0139
593,"Sabine Pass, LA","Dunkirk, France",Q-Max,6770.28,262463.0,Fall,10,0.1885,good,medium,0.1131,0.0471,0.0188,0.0094
594,"Sabine Pass, LA","Revithoussa, Greece",Q-Max,8999.27,263568.0,Summer,9,0.2751,satisfactory,high,0.1651,0.0688,0.0275,0.0138
595,"Sabine Pass, LA","Marseille, France",Q-Flex,8336.88,204765.0,Winter,3,0.292,satisfactory,medium,0.1752,0.073,0.0292,0.0146
596,"Sabine Pass, LA","Marseille, France",Standard,8262.82,145906.0,Summer,7,0.2631,satisfactory,medium,0.1579,0.0658,0.0263,0.0132
597,"Sabine Pass, LA","Revithoussa, Greece",Q-Flex,9027.59,211717.0,Winter,2,0.32,satisfactory,high,0.192,0.08,0.032,0.016
598,"Sabine Pass, LA","Dunkirk, France",Q-Max,6787.94,263789.0,Spring,6,0.1894,good,medium,0.1136,0.0473,0.0189,0.0095
599,"Sabine Pass, LA","Rotterdam, Netherlands",Standard,6997.13,150511.0,Spring,6,0.2248,good,medium,0.1349,0.0562,0.0225,0.0112
600,"Sabine Pass, LA","Wilhelmshaven, Germany",Q-Flex,7286.51,216648.0,Spring,5,0.2243,good,medium,0.1346,0.0561,0.0224,0.0112
601,"Sabine Pass, LA","Isle of Grain, UK",Q-Max,6322.08,256094.0,Summer,9,0.15,excellent,low,0.09,0.0375,0.015,0.0075
602,"Sabine Pass, LA","Zeebrugge, Belgium",Q-Max,6697.3,252152.0,Winter,3,0.1998,good,medium,0.1199,0.05,0.02,0.01
603,"Sabine Pass, LA","Swinoujscie, Poland",Q-Flex,8022.06,200811.0,Spring,5,0.261,satisfactory,medium,0.1566,0.0653,0.0261,0.0131
604,"Sabine Pass, LA","Zeebrugge, Belgium",Q-Flex,6656.0,212658.0,Summer,8,0.1679,excellent,medium,0.1007,0.042,0.0168,0.0084
605,"Sabine Pass, LA","Wilhelmshaven, Germany",Q-Flex,7306.04,214745.0,Spring,6,0.2252,good,medium,0.1351,0.0563,0.0225,0.0113
606,"Sabine Pass, LA","Dunkirk, France",Standard,6807.69,144876.0,Fall,11,0.2154,good,medium,0.1292,0.0538,0.0215,0.0108
607,"Sabine Pass, LA","Swinoujscie, Poland",Standard,7998.75,149476.0,Summer,8,0.25,good,medium,0.15,0.0625,0.025,0.0125
608,"Sabine Pass, LA","Zeebrugge, Belgium",Standard,6736.83,153606.0,Spring,6,0.2118,good,medium,0.1271,0.053,0.0212,0.0106
609,"Sabine Pass, LA","Isle of Grain, UK",Q-Max,6266.2,254662.0,Spring,6,0.1633,excellent,low,0.098,0.0408,0.0163,0.0082
610,"Sabine Pass, LA","Rotterdam, Netherlands",Q-Flex,7038.77,207038.0,Fall,12,0.212,good,medium,0.1272,0.053,0.0212,0.0106
611,"Sabine Pass, LA","Sines, Portugal",Q-Max,5962.5,261902.0,Fall,11,0.15,excellent,low,0.09,0.0375,0.015,0.0075
612,"Sabine Pass, LA","Fredericia, Denmark",Q-Max,7660.3,250422.0,Summer,8,0.208,good,medium,0.1248,0.052,0.0208,0.0104
613,"Sabine Pass, LA","Isle of Grain, UK",Standard,6260.39,143440.0,Winter,3,0.2029,good,low,0.1218,0.0507,0.0203,0.0101
614,"Sabine Pass, LA","Rotterdam, Netherlands",Q-Max,6994.32,252730.0,Winter,3,0.2147,good,medium,0.1288,0.0537,0.0215,0.0107
615,"Sabine Pass, LA","Wilhelmshaven, Germany",Q-Flex,7336.42,202297.0,Summer,9,0.2019,good,medium,0.1211,0.0505,0.0202,0.0101
616,"Sabine Pass, LA","Swinoujscie, Poland",Standard,7967.7,147852.0,Summer,8,0.2484,good,medium,0.1491,0.0621,0.0248,0.0124
617,"Sabine Pass, LA","Revithoussa, Greece",Q-Flex,9003.38,207512.0,Summer,8,0.2852,satisfactory,high,0.1711,0.0713,0.0285,0.0143
618,"Sabine Pass, LA","Rotterdam, Netherlands",Q-Max,6965.57,262133.0,Winter,1,0.2133,good,medium,0.128,0.0533,0.0213,0.0107
619,"Sabine Pass, LA","Swinoujscie, Poland",Q-Flex,7950.83,213565.0,Summer,8,0.2325,good,medium,0.1395,0.0581,0.0232,0.0116
620,"Sabine Pass, LA","Sines, Portugal",Q-Max,6004.82,256994.0,Summer,7,0.15,excellent,low,0.09,0.0375,0.015,0.0075
621,"Sabine Pass, LA","Revithoussa, Greece",Q-Flex,8988.97,204073.0,Spring,4,0.3094,satisfactory,high,0.1856,0.0773,0.0309,0.0155
622,"Sabine Pass, LA","Marseille, France",Standard,8330.76,146194.0,Spring,5,0.2915,satisfactory,medium,0.1749,0.0729,0.0291,0.0146
623,"Sabine Pass, LA","Isle of Grain, UK",Q-Flex,6268.24,204626.0,Winter,2,0.1884,good,low,0.1131,0.0471,0.0188,0.0094
624,"Sabine Pass, LA","Dunkirk, France",Q-Max,6782.06,250354.0,Winter,1,0.2042,good,medium,0.1225,0.051,0.0204,0.0102
625,"Sabine Pass, LA","Zeebrugge, Belgium",Standard,6721.52,145129.0,Winter,1,0.226,good,medium,0.1356,0.0565,0.0226,0.0113
626,"Sabine Pass, LA","Rotterdam, Netherlands",Q-Flex,7028.57,205614.0,Spring,6,0.2114,good,medium,0.1269,0.0529,0.0211,0.0106
627,"Sabine Pass, LA","Zeebrugge, Belgium",Q-Flex,6655.6,215227.0,Winter,2,0.2078,good,medium,0.1247,0.0519,0.0208,0.0104
628,"Sabine Pass, LA","Fredericia, Denmark",Q-Max,7732.83,262340.0,Fall,12,0.2366,good,medium,0.1419,0.0591,0.0237,0.0118
629,"Sabine Pass, LA","Sines, Portugal",Standard,5969.92,150222.0,Winter,2,0.1885,good,low,0.1131,0.0471,0.0188,0.0094
630,"Sabine Pass, LA","Rotterdam, Netherlands",Q-Max,7043.62,261916.0,Fall,11,0.2022,good,medium,0.1213,0.0506,0.0202,0.0101
631,"Sabine Pass, LA","Barcelona, Spain",Q-Max,8013.85,263819.0,Spring,6,0.2508,good,medium,0.1505,0.0627,0.0251,0.0125
632,"Sabine Pass, LA","Revithoussa, Greece",Q-Max,8993.42,259355.0,Winter,3,0.3148,satisfactory,high,0.1889,0.0787,0.0315,0.0157
633,"Sabine Pass, LA","Sines, Portugal",Standard,6008.11,143731.0,Summer,8,0.1504,excellent,low,0.0903,0.0376,0.015,0.0075
634,"Sabine Pass, LA","Barcelona, Spain",Standard,7959.14,140897.0,Spring,6,0.2731,satisfactory,medium,0.1638,0.0683,0.0273,0.0137
635,"Sabine Pass, LA","Revithoussa, Greece",Standard,8965.39,151828.0,Winter,2,0.32,satisfactory,high,0.192,0.08,0.032,0.016
636,"Sabine Pass, LA","Wilhelmshaven, Germany",Q-Flex,7330.55,206089.0,Fall,12,0.2265,good,medium,0.1359,0.0566,0.0226,0.0113
637,"Sabine Pass, LA","Sines, Portugal",Q-Flex,5998.53,203226.0,Summer,9,0.15,excellent,low,0.09,0.0375,0.015,0.0075
638,"Sabine Pass, LA","Wilhelmshaven, Germany",Q-Flex,7282.37,214630.0,Spring,5,0.2242,good,medium,0.1345,0.0561,0.0224,0.0112
639,"Sabine Pass, LA","Swinoujscie, Poland",Q-Flex,7965.5,213191.0,Spring,5,0.2583,good,medium,0.155,0.0646,0.0258,0.0129
640,"Sabine Pass, LA","Zeebrugge, Belgium",Standard,6738.29,149874.0,Spring,6,0.212,good,medium,0.1272,0.053,0.0212,0.0106
641,"Sabine Pass, LA","Swinoujscie, Poland",Q-Max,8031.9,262252.0,Summer,9,0.2266,good,medium,0.136,0.0567,0.0227,0.0113
642,"Sabine Pass, LA","Fredericia, Denmark",Q-Max,7714.09,251067.0,Winter,2,0.2507,good,medium,0.1504,0.0627,0.0251,0.0125
643,"Sabine Pass, LA","Sines, Portugal",Q-Flex,5970.21,214217.0,Spring,4,0.1584,excellent,low,0.0951,0.0396,0.0158,0.0079
644,"Sabine Pass, LA","Swinoujscie, Poland",Standard,8012.4,140196.0,Spring,5,0.2755,satisfactory,medium,0.1653,0.0689,0.0275,0.0138
645,"Sabine Pass, LA","Dunkirk, France",Q-Max,6815.57,250971.0,Summer,8,0.1658,excellent,medium,0.0995,0.0415,0.0166,0.0083
646,"Sabine Pass, LA","Fredericia, Denmark",Standard,7732.2,141056.0,Winter,1,0.2767,satisfactory,medium,0.166,0.0692,0.0277,0.0138
647,"Sabine Pass, LA","Rotterdam, Netherlands",Q-Max,6957.79,261603.0,Summer,9,0.1728,excellent,medium,0.1037,0.0432,0.0173,0.0086
648,"Sabine Pass, LA","Swinoujscie, Poland",Standard,8015.69,151192.0,Fall,11,0.2759,satisfactory,medium,0.1655,0.069,0.0276,0.0138
649,"Sabine Pass, LA","Revithoussa, Greece",Standard,9007.66,151887.0,Summer,8,0.3004,satisfactory,high,0.1803,0.0751,0.03,0.015
650,"Sabine Pass, LA","Swinoujscie, Poland",Q-Flex,7990.16,207531.0,Fall,11,0.2594,good,medium,0.1557,0.0649,0.0259,0.013
651,"Sabine Pass, LA","Wilhelmshaven, Germany",Q-Flex,7305.01,214045.0,Spring,6,0.2252,good,medium,0.1351,0.0563,0.0225,0.0113
652,"Sabine Pass, LA","Dunkirk, France",Q-Max,6806.31,264818.0,Summer,7,0.1654,excellent,medium,0.0992,0.0413,0.0165,0.0083
653,"Sabine Pass, LA","Barcelona, Spain",Q-Max,8045.98,254552.0,Fall,12,0.2522,good,medium,0.1513,0.063,0.0252,0.0126
654,"Sabine Pass, LA","Rotterdam, Netherlands",Q-Max,6950.66,250347.0,Spring,4,0.1976,good,medium,0.1186,0.0494,0.0198,0.0099
655,"Sabine Pass, LA","Rotterdam, Netherlands",Standard,7041.91,146906.0,Summer,9,0.2021,good,medium,0.1213,0.0505,0.0202,0.0101
656,"Sabine Pass, LA","Zeebrugge, Belgium",Q-Flex,6663.84,205105.0,Fall,10,0.1931,good,medium,0.1159,0.0483,0.0193,0.0097
657,"Sabine Pass, LA","Marseille, France",Standard,8341.79,152386.0,Winter,2,0.3072,satisfactory,medium,0.1843,0.0768,0.0307,0.0154
658,"Sabine Pass, LA","Marseille, France",Q-Max,8331.95,250598.0,Fall,10,0.2666,satisfactory,medium,0.16,0.0667,0.0267,0.0133
659,"Sabine Pass, LA","Sines, Portugal",Q-Flex,6042.19,215814.0,Spring,6,0.1622,excellent,low,0.0973,0.0405,0.0162,0.0081
660,"Sabine Pass, LA","Dunkirk, France",Standard,6824.77,147866.0,Winter,1,0.2313,good,medium,0.1388,0.0578,0.0231,0.0116
661,"Sabine Pass, LA","Wilhelmshaven, Germany",Q-Max,7303.99,253533.0,Spring,6,0.2152,good,medium,0.1291,0.0538,0.0215,0.0108
662,"Sabine Pass, LA","Fredericia, Denmark",Standard,7747.1,145915.0,Fall,10,0.2624,satisfactory,medium,0.1574,0.0656,0.0262,0.0131
663,"Sabine Pass, LA","Zeebrugge, Belgium",Q-Flex,6683.62,204463.0,Fall,10,0.1942,good,medium,0.1165,0.0486,0.0194,0.0097
664,"Sabine Pass, LA","Fredericia, Denmark",Q-Max,7727.38,253170.0,Winter,3,0.2514,good,medium,0.1508,0.0628,0.0251,0.0126
665,"Sabine Pass, LA","Swinoujscie, Poland",Standard,8011.6,144851.0,Summer,9,0.2505,good,medium,0.1503,0.0626,0.0251,0.0125
666,"Sabine Pass, LA","Marseille, France",Standard,8258.96,148908.0,Summer,7,0.2629,satisfactory,medium,0.1578,0.0657,0.0263,0.0131
667,"Sabine Pass, LA","Sines, Portugal",Q-Max,6026.97,265843.0,Spring,6,0.1514,excellent,low,0.0908,0.0378,0.0151,0.0076
668,"Sabine Pass, LA","Sines, Portugal",Q-Max,6042.42,252496.0,Spring,4,0.1521,excellent,low,0.0913,0.038,0.0152,0.0076
669,"Sabine Pass, LA","Sines, Portugal",Standard,5974.3,150407.0,Winter,3,0.1888,good,low,0.1133,0.0472,0.0189,0.0094
670,"Sabine Pass, LA","Isle of Grain, UK",Q-Flex,6280.51,203602.0,Winter,1,0.189,good,low,0.1134,0.0472,0.0189,0.0094
671,"Sabine Pass, LA","Rotterdam, Netherlands",Standard,7004.88,145649.0,Fall,12,0.2254,good,medium,0.1352,0.0563,0.0225,0.0113
672,"Sabine Pass, LA","Revithoussa, Greece",Q-Flex,9002.68,211841.0,Winter,3,0.32,satisfactory,high,0.192,0.08,0.032,0.016
673,"Sabine Pass, LA","Barcelona, Spain",Q-Max,8015.48,254341.0,Winter,2,0.2657,satisfactory,medium,0.1594,0.0664,0.0266,0.0133
674,"Sabine Pass, LA","Isle of Grain, UK",Standard,6251.91,141494.0,Summer,7,0.1626,excellent,low,0.0975,0.0406,0.0163,0.0081
675,"Sabine Pass, LA","Wilhelmshaven, Germany",Standard,7298.47,148410.0,Summer,9,0.2148,good,medium,0.1289,0.0537,0.0215,0.0107
676,"Sabine Pass, LA","Sines, Portugal",Standard,5953.98,145202.0,Spring,5,0.1727,excellent,low,0.1036,0.0432,0.0173,0.0086
677,"Sabine Pass, LA","Wilhelmshaven, Germany",Q-Flex,7285.54,204690.0,Spring,4,0.2244,good,medium,0.1346,0.0561,0.0224,0.0112
678,"Sabine Pass, LA","Rotterdam, Netherlands",Q-Max,7037.87,253609.0,Summer,9,0.177,excellent,medium,0.1062,0.0442,0.0177,0.0088
679,"Sabine Pass, LA","Zeebrugge, Belgium",Q-Flex,6658.78,210634.0,Summer,9,0.168,excellent,medium,0.1008,0.042,0.0168,0.0084
680,"Sabine Pass, LA","Dunkirk, France",Q-Flex,6807.29,209218.0,Spring,5,0.2004,good,medium,0.1203,0.0501,0.02,0.01
681,"Sabine Pass, LA","Zeebrugge, Belgium",Standard,6708.1,147857.0,Spring,4,0.2105,good,medium,0.1263,0.0526,0.021,0.0105
682,"Sabine Pass, LA","Zeebrugge, Belgium",Q-Max,6693.01,264674.0,Fall,11,0.1847,good,medium,0.1108,0.0462,0.0185,0.0092
683,"Sabine Pass, LA","Isle of Grain, UK",Q-Max,6268.41,255099.0,Fall,12,0.1633,excellent,low,0.098,0.0408,0.0163,0.0082
684,"Sabine Pass, LA","Rotterdam, Netherlands",Standard,6994.3,142771.0,Fall,12,0.2247,good,medium,0.1348,0.0562,0.0225,0.0112
685,"Sabine Pass, LA","Marseille, France",Standard,8311.69,140391.0,Fall,10,0.2906,satisfactory,medium,0.1744,0.0727,0.0291,0.0145
686,"Sabine Pass, LA","Isle of Grain, UK",Q-Flex,6318.81,212104.0,Winter,3,0.1909,good,low,0.1146,0.0477,0.0191,0.0095
687,"Sabine Pass, LA","Fredericia, Denmark",Q-Max,7699.14,250516.0,Winter,3,0.2499,good,medium,0.1499,0.0625,0.025,0.0125
688,"Sabine Pass, LA","Rotterdam, Netherlands",Q-Max,7045.02,253245.0,Fall,12,0.2023,good,medium,0.1214,0.0506,0.0202,0.0101
689,"Sabine Pass, LA","Barcelona, Spain",Q-Flex,8036.71,204195.0,Fall,12,0.2618,satisfactory,medium,0.1571,0.0654,0.0262,0.0131
690,"Sabine Pass, LA","Sines, Portugal",Q-Flex,6010.79,212622.0,Fall,12,0.1605,excellent,low,0.0963,0.0401,0.0161,0.008
691,"Sabine Pass, LA","Swinoujscie, Poland",Standard,8014.14,140636.0,Winter,1,0.2907,satisfactory,medium,0.1744,0.0727,0.0291,0.0145
692,"Sabine Pass, LA","Dunkirk, France",Q-Flex,6801.87,213008.0,Fall,12,0.2,good,medium,0.12,0.05,0.02,0.01
693,"Sabine Pass, LA","Dunkirk, France",Q-Flex,6779.12,202830.0,Spring,5,0.199,good,medium,0.1194,0.0498,0.0199,0.01
694,"Sabine Pass, LA","Sines, Portugal",Q-Max,6019.0,257227.0,Summer,8,0.15,excellent,low,0.09,0.0375,0.015,0.0075
695,"Sabine Pass, LA","Marseille, France",Standard,8343.78,142683.0,Summer,9,0.2671,satisfactory,medium,0.1603,0.0668,0.0267,0.0134
696,"Sabine Pass, LA","Marseille, France",Q-Max,8339.66,255185.0,Summer,8,0.2419,good,medium,0.1451,0.0605,0.0242,0.0121
697,"Sabine Pass, LA","Zeebrugge, Belgium",Q-Max,6721.84,257190.0,Winter,2,0.201,good,medium,0.1206,0.0503,0.0201,0.0101
698,"Sabine Pass, LA","Fredericia, Denmark",Standard,7722.69,151524.0,Fall,10,0.2613,satisfactory,medium,0.1568,0.0653,0.0261,0.0131
699,"Sabine Pass, LA","Wilhelmshaven, Germany",Standard,7306.55,140770.0,Winter,3,0.2552,good,medium,0.1531,0.0638,0.0255,0.0128
700,"Sabine Pass, LA","Rotterdam, Netherlands",Q-Flex,6980.95,202237.0,Spring,5,0.2091,good,medium,0.1254,0.0523,0.0209,0.0105
701,"Sabine Pass, LA","Marseille, France",Q-Max,8326.54,257978.0,Summer,8,0.2413,good,medium,0.1448,0.0603,0.0241,0.0121
702,"Sabine Pass, LA","Barcelona, Spain",Standard,7973.79,149002.0,Fall,11,0.2737,satisfactory,medium,0.1642,0.0684,0.0274,0.0137
703,"Sabine Pass, LA","Dunkirk, France",Q-Flex,6838.22,203530.0,Fall,10,0.2019,good,medium,0.1212,0.0505,0.0202,0.0101
704,"Sabine Pass, LA","Sines, Portugal",Q-Max,6015.33,260672.0,Winter,3,0.1658,excellent,low,0.0995,0.0415,0.0166,0.0083
705,"Sabine Pass, LA","Isle of Grain, UK",Q-Flex,6254.9,211236.0,Winter,3,0.1877,good,low,0.1126,0.0469,0.0188,0.0094
706,"Sabine Pass, LA","Marseille, France",Q-Max,8328.73,255763.0,Summer,8,0.2415,good,medium,0.1449,0.0604,0.0241,0.0121
707,"Sabine Pass, LA","Wilhelmshaven, Germany",Q-Flex,7286.86,201104.0,Winter,2,0.2394,good,medium,0.1436,0.0599,0.0239,0.012
708,"Sabine Pass, LA","Isle of Grain, UK",Q-Flex,6319.46,211829.0,Spring,6,0.176,excellent,low,0.1056,0.044,0.0176,0.0088
709,"Sabine Pass, LA","Isle of Grain, UK",Standard,6307.14,154008.0,Summer,9,0.1654,excellent,low,0.0993,0.0414,0.0165,0.0083
710,"Sabine Pass, LA","Rotterdam, Netherlands",Q-Flex,6992.71,206016.0,Spring,5,0.2096,good,medium,0.1258,0.0524,0.021,0.0105
711,"Sabine Pass, LA","Marseille, France",Standard,8299.64,143491.0,Fall,11,0.29,satisfactory,medium,0.174,0.0725,0.029,0.0145
712,"Sabine Pass, LA","Rotterdam, Netherlands",Q-Max,7047.93,260007.0,Winter,2,0.2173,good,medium,0.1304,0.0543,0.0217,0.0109
713,"Sabine Pass, LA","Marseille, France",Q-Flex,8349.9,210838.0,Winter,1,0.2924,satisfactory,medium,0.1755,0.0731,0.0292,0.0146
714,"Sabine Pass, LA","Dunkirk, France",Q-Flex,6819.0,205507.0,Winter,2,0.2159,good,medium,0.1295,0.054,0.0216,0.0108
715,"Sabine Pass, LA","Revithoussa, Greece",Q-Flex,8983.33,214145.0,Fall,12,0.3092,satisfactory,high,0.1855,0.0773,0.0309,0.0155
716,"Sabine Pass, LA","Wilhelmshaven, Germany",Q-Flex,7342.23,208185.0,Summer,8,0.2022,good,medium,0.1213,0.0505,0.0202,0.0101
717,"Sabine Pass, LA","Swinoujscie, Poland",Q-Flex,8039.59,208858.0,Summer,7,0.2371,good,medium,0.1422,0.0593,0.0237,0.0119
718,"Sabine Pass, LA","Revithoussa, Greece",Standard,8981.55,153320.0,Winter,1,0.32,satisfactory,high,0.192,0.08,0.032,0.016
719,"Sabine Pass, LA","Wilhelmshaven, Germany",Q-Max,7256.62,255426.0,Spring,5,0.2129,good,medium,0.1277,0.0532,0.0213,0.0106
720,"Sabine Pass, LA","Zeebrugge, Belgium",Q-Flex,6707.1,212776.0,Winter,3,0.2104,good,medium,0.1262,0.0526,0.021,0.0105
721,"Sabine Pass, LA","Wilhelmshaven, Germany",Q-Flex,7320.98,206317.0,Summer,7,0.201,good,medium,0.1206,0.0502,0.0201,0.01
722,"Sabine Pass, LA","Rotterdam, Netherlands",Q-Flex,6971.61,213222.0,Winter,3,0.2235,good,medium,0.1341,0.0559,0.0223,0.0112
723,"Sabine Pass, LA","Barcelona, Spain",Q-Flex,8000.6,208219.0,Summer,9,0.2349,good,medium,0.141,0.0587,0.0235,0.0117
724,"Sabine Pass, LA","Rotterdam, Netherlands",Q-Max,7027.55,265008.0,Winter,2,0.2164,good,medium,0.1299,0.0541,0.0216,0.0108
725,"Sabine Pass, LA","Sines, Portugal",Standard,5995.94,152722.0,Summer,9,0.15,excellent,low,0.09,0.0375,0.015,0.0075
726,"Sabine Pass, LA","Isle of Grain, UK",Q-Max,6283.33,260544.0,Winter,2,0.1792,excellent,low,0.1075,0.0448,0.0179,0.009
727,"Sabine Pass, LA","Rotterdam, Netherlands",Q-Max,7013.89,254585.0,Spring,6,0.2006,good,medium,0.1204,0.0502,0.0201,0.01
728,"Sabine Pass, LA","Revithoussa, Greece",Q-Max,8961.77,250244.0,Winter,3,0.313,satisfactory,high,0.1878,0.0783,0.0313,0.0157
729,"Sabine Pass, LA","Dunkirk, France",Standard,6804.25,148611.0,Spring,6,0.2152,good,medium,0.1291,0.0538,0.0215,0.0108
730,"Sabine Pass, LA","Zeebrugge, Belgium",Standard,6657.12,153549.0,Spring,6,0.2079,good,medium,0.1247,0.052,0.0208,0.0104
731,"Sabine Pass, LA","Sines, Portugal",Q-Max,5960.59,252864.0,Winter,2,0.163,excellent,low,0.0978,0.0408,0.0163,0.0082
732,"Sabine Pass, LA","Barcelona, Spain",Q-Flex,8011.63,211405.0,Spring,6,0.2607,satisfactory,medium,0.1564,0.0652,0.0261,0.013
733,"Sabine Pass, LA","Barcelona, Spain",Q-Max,8006.78,257289.0,Fall,12,0.2503,good,medium,0.1502,0.0626,0.025,0.0125
734,"Sabine Pass, LA","Barcelona, Spain",Q-Max,7997.05,259871.0,Winter,3,0.2649,satisfactory,medium,0.159,0.0662,0.0265,0.0132
735,"Sabine Pass, LA","Revithoussa, Greece",Q-Flex,8983.03,201919.0,Summer,8,0.2841,satisfactory,high,0.1705,0.071,0.0284,0.0142
736,"Sabine Pass, LA","Zeebrugge, Belgium",Q-Flex,6678.23,206897.0,Fall,10,0.1939,good,medium,0.1164,0.0485,0.0194,0.0097
737,"Sabine Pass, LA","Isle of Grain, UK",Standard,6282.59,146202.0,Winter,2,0.2042,good,low,0.1225,0.051,0.0204,0.0102
738,"Sabine Pass, LA","Marseille, France",Q-Max,8274.37,255451.0,Summer,8,0.2387,good,medium,0.1432,0.0597,0.0239,0.0119
739,"Sabine Pass, LA","Fredericia, Denmark",Q-Flex,7706.72,211383.0,Summer,9,0.2204,good,medium,0.1322,0.0551,0.022,0.011
740,"Sabine Pass, LA","Marseille, France",Q-Max,8333.67,255206.0,Fall,10,0.2667,satisfactory,medium,0.16,0.0667,0.0267,0.0133
741,"Sabine Pass, LA","Rotterdam, Netherlands",Q-Max,7045.59,263025.0,Fall,10,0.2022,good,medium,0.1213,0.0506,0.0202,0.0101
742,"Sabine Pass, LA","Barcelona, Spain",Q-Max,8014.5,252223.0,Winter,2,0.2656,satisfactory,medium,0.1594,0.0664,0.0266,0.0133
743,"Sabine Pass, LA","Sines, Portugal",Standard,6025.71,146707.0,Winter,3,0.1913,good,low,0.1148,0.0478,0.0191,0.0096
744,"Sabine Pass, LA","Dunkirk, France",Q-Flex,6818.15,205177.0,Spring,5,0.2009,good,medium,0.1206,0.0502,0.0201,0.01
745,"Sabine Pass, LA","Fredericia, Denmark",Q-Flex,7721.78,208677.0,Winter,2,0.2611,satisfactory,medium,0.1567,0.0653,0.0261,0.0131
746,"Sabine Pass, LA","Rotterdam, Netherlands",Standard,6956.24,141645.0,Winter,1,0.2377,good,medium,0.1426,0.0594,0.0238,0.0119
747,"Sabine Pass, LA","Rotterdam, Netherlands",Q-Max,7036.57,256308.0,Summer,7,0.1769,excellent,medium,0.1061,0.0442,0.0177,0.0088
748,"Sabine Pass, LA","Fredericia, Denmark",Q-Max,7693.52,252225.0,Fall,11,0.2346,good,medium,0.1408,0.0586,0.0235,0.0117
749,"Sabine Pass, LA","Wilhelmshaven, Germany",Q-Max,7334.0,260721.0,Spring,5,0.2168,good,medium,0.1301,0.0542,0.0217,0.0108
750,"Sabine Pass, LA","Sines, Portugal",Q-Flex,5964.4,201439.0,Fall,11,0.1582,excellent,low,0.0949,0.0396,0.0158,0.0079
751,"Sabine Pass, LA","Fredericia, Denmark",Standard,7736.02,146362.0,Fall,10,0.2619,satisfactory,medium,0.1571,0.0655,0.0262,0.0131
752,"Sabine Pass, LA","Barcelona, Spain",Q-Max,7988.47,250119.0,Winter,3,0.2644,satisfactory,medium,0.1586,0.0661,0.0264,0.0132
753,"Sabine Pass, LA","Swinoujscie, Poland",Standard,7976.93,150573.0,Fall,10,0.2738,satisfactory,medium,0.1643,0.0685,0.0274,0.0137
754,"Sabine Pass, LA","Isle of Grain, UK",Standard,6308.03,154755.0,Winter,2,0.2053,good,low,0.1232,0.0513,0.0205,0.0103
755,"Sabine Pass, LA","Rotterdam, Netherlands",Q-Max,6996.49,251415.0,Summer,9,0.1749,excellent,medium,0.1049,0.0437,0.0175,0.0087
756,"Sabine Pass, LA","Revithoussa, Greece",Standard,8957.81,145153.0,Summer,9,0.298,satisfactory,high,0.1788,0.0745,0.0298,0.0149
757,"Sabine Pass, LA","Sines, Portugal",Standard,5996.89,154666.0,Summer,8,0.15,excellent,low,0.09,0.0375,0.015,0.0075
758,"Sabine Pass, LA","Rotterdam, Netherlands",Q-Max,6978.92,261991.0,Fall,12,0.199,good,medium,0.1194,0.0498,0.0199,0.01
759,"Sabine Pass, LA","Sines, Portugal",Standard,6012.93,151061.0,Winter,3,0.1907,good,low,0.1144,0.0477,0.0191,0.0095
760,"Sabine Pass, LA","Sines, Portugal",Q-Max,5978.68,263623.0,Winter,3,0.1639,excellent,low,0.0984,0.041,0.0164,0.0082
761,"Sabine Pass, LA","Rotterdam, Netherlands",Q-Flex,6977.52,215472.0,Winter,1,0.2239,good,medium,0.1344,0.056,0.0224,0.0112
762,"Sabine Pass, LA","Revithoussa, Greece",Q-Max,8994.67,253779.0,Spring,5,0.2998,satisfactory,high,0.1799,0.075,0.03,0.015
763,"Sabine Pass, LA","Sines, Portugal",Q-Max,5984.28,263148.0,Winter,3,0.1642,excellent,low,0.0985,0.0411,0.0164,0.0082
764,"Sabine Pass, LA","Fredericia, Denmark",Q-Max,7727.04,260201.0,Fall,11,0.2363,good,medium,0.1418,0.0591,0.0236,0.0118
765,"Sabine Pass, LA","Wilhelmshaven, Germany",Q-Flex,7255.43,208096.0,Winter,2,0.2377,good,medium,0.1426,0.0594,0.0238,0.0119
766,"Sabine Pass, LA","Swinoujscie, Poland",Standard,7973.37,146521.0,Fall,12,0.2736,satisfactory,medium,0.1642,0.0684,0.0274,0.0137
767,"Sabine Pass, LA","Rotterdam, Netherlands",Q-Flex,7042.72,211609.0,Summer,7,0.1872,good,medium,0.1123,0.0468,0.0187,0.0094
768,"Sabine Pass, LA","Swinoujscie, Poland",Q-Flex,8013.74,205694.0,Fall,10,0.2608,satisfactory,medium,0.1565,0.0652,0.0261,0.013
769,"Sabine Pass, LA","Isle of Grain, UK",Standard,6275.53,150078.0,Summer,7,0.1638,excellent,low,0.0983,0.0409,0.0164,0.0082
770,"Sabine Pass, LA","Dunkirk, France",Standard,6802.0,140127.0,Fall,12,0.2152,good,medium,0.1291,0.0538,0.0215,0.0108
771,"Sabine Pass, LA","Isle of Grain, UK",Q-Max,6251.2,257135.0,Summer,9,0.15,excellent,low,0.09,0.0375,0.015,0.0075
772,"Sabine Pass, LA","Dunkirk, France",Standard,6753.4,143252.0,Winter,2,0.2276,good,medium,0.1365,0.0569,0.0228,0.0114
773,"Sabine Pass, LA","Marseille, France",Standard,8313.81,151458.0,Winter,2,0.3056,satisfactory,medium,0.1833,0.0764,0.0306,0.0153
774,"Sabine Pass, LA","Revithoussa, Greece",Q-Max,9006.61,254053.0,Winter,2,0.3154,satisfactory,high,0.1892,0.0788,0.0315,0.0158
775,"Sabine Pass, LA","Revithoussa, Greece",Q-Flex,8995.34,213092.0,Summer,7,0.2848,satisfactory,high,0.1709,0.0712,0.0285,0.0142
776,"Sabine Pass, LA","Isle of Grain, UK",Q-Max,6277.73,265935.0,Summer,7,0.15,excellent,low,0.09,0.0375,0.015,0.0075
777,"Sabine Pass, LA","Zeebrugge, Belgium",Q-Flex,6694.06,208365.0,Spring,4,0.1947,good,medium,0.1168,0.0487,0.0195,0.0097
778,"Sabine Pass, LA","Fredericia, Denmark",Standard,7671.84,141094.0,Winter,2,0.2737,satisfactory,medium,0.1642,0.0684,0.0274,0.0137
779,"Sabine Pass, LA","Marseille, France",Q-Flex,8322.75,210886.0,Winter,1,0.2913,satisfactory,medium,0.1748,0.0728,0.0291,0.0146
780,"Sabine Pass, LA","Revithoussa, Greece",Q-Max,8989.05,256261.0,Fall,12,0.2994,satisfactory,high,0.1796,0.0749,0.0299,0.015
781,"Sabine Pass, LA","Barcelona, Spain",Q-Flex,7997.81,209182.0,Fall,12,0.26,good,medium,0.156,0.065,0.026,0.013
782,"Sabine Pass, LA","Barcelona, Spain",Standard,7962.12,154955.0,Spring,6,0.2731,satisfactory,medium,0.1638,0.0683,0.0273,0.0137
783,"Sabine Pass, LA","Revithoussa, Greece",Standard,8959.07,149717.0,Spring,6,0.32,satisfactory,high,0.192,0.08,0.032,0.016
784,"Sabine Pass, LA","Zeebrugge, Belgium",Q-Flex,6705.45,215240.0,Fall,11,0.1952,good,medium,0.1171,0.0488,0.0195,0.0098
785,"Sabine Pass, LA","Wilhelmshaven, Germany",Standard,7298.65,150796.0,Summer,8,0.215,good,medium,0.129,0.0537,0.0215,0.0107
786,"Sabine Pass, LA","Marseille, France",Q-Flex,8273.85,208495.0,Winter,2,0.2888,satisfactory,medium,0.1733,0.0722,0.0289,0.0144
787,"Sabine Pass, LA","Barcelona, Spain",Q-Max,8046.66,255403.0,Winter,1,0.2673,satisfactory,medium,0.1604,0.0668,0.0267,0.0134
788,"Sabine Pass, LA","Dunkirk, France",Standard,6830.71,142234.0,Summer,9,0.1915,good,medium,0.1149,0.0479,0.0192,0.0096
789,"Sabine Pass, LA","Marseille, France",Q-Max,8273.3,257822.0,Winter,1,0.2787,satisfactory,medium,0.1672,0.0697,0.0279,0.0139
790,"Sabine Pass, LA","Marseille, France",Standard,8254.58,144610.0,Fall,11,0.2876,satisfactory,medium,0.1726,0.0719,0.0288,0.0144
791,"Sabine Pass, LA","Isle of Grain, UK",Q-Max,6295.62,263080.0,Fall,10,0.1647,excellent,low,0.0988,0.0412,0.0165,0.0082
792,"Sabine Pass, LA","Marseille, France",Q-Max,8272.06,263374.0,Summer,7,0.2386,good,medium,0.1431,0.0596,0.0239,0.0119
793,"Sabine Pass, LA","Isle of Grain, UK",Standard,6347.59,151463.0,Summer,9,0.1673,excellent,low,0.1004,0.0418,0.0167,0.0084
794,"Sabine Pass, LA","Marseille, France",Q-Max,8267.34,262121.0,Winter,2,0.2783,satisfactory,medium,0.167,0.0696,0.0278,0.0139
795,"Sabine Pass, LA","Zeebrugge, Belgium",Standard,6693.87,145642.0,Winter,1,0.2246,good,medium,0.1348,0.0562,0.0225,0.0112
796,"Sabine Pass, LA","Zeebrugge, Belgium",Q-Flex,6651.56,201515.0,Winter,2,0.2075,good,medium,0.1245,0.0519,0.0207,0.0104
797,"Sabine Pass, LA","Rotterdam, Netherlands",Q-Flex,6991.62,204606.0,Fall,12,0.2095,good,medium,0.1257,0.0524,0.021,0.0105
798,"Sabine Pass, LA","Dunkirk, France",Standard,6843.81,154254.0,Fall,12,0.2171,good,medium,0.1303,0.0543,0.0217,0.0109
799,"Sabine Pass, LA","Revithoussa, Greece",Q-Flex,9032.65,203262.0,Spring,6,0.3116,satisfactory,high,0.187,0.0779,0.0312,0.0156
800,"Sabine Pass, LA","Isle of Grain, UK",Standard,6311.89,144146.0,Summer,9,0.1655,excellent,low,0.0993,0.0414,0.0166,0.0083
